vectorizer,scaler,n_estimators,criterion,max_depth,min_samples_split,min_samples_leaf,max_features,class_weight,mean_score_time,std_score_time,rank_test_score,mean_test_score,std_test_score,split0_test_score,split1_test_score,split2_test_score,split3_test_score,split4_test_score,mean_fit_time,std_fit_time,params
CountVectorizer(min_df=7),passthrough,100,gini,20,5,2,sqrt,,0.4487,0.0202,1,0.7825,0.005,0.7826,0.7775,0.7907,0.7771,0.7848,9.4175,0.0816,"{'model__class_weight': None, 'model__criterion': 'gini', 'model__max_depth': 20, 'model__max_features': 'sqrt', 'model__min_samples_leaf': 2, 'model__min_samples_split': 5, 'model__n_estimators': 100, 'preprocessing__scaler': 'passthrough', 'preprocessing__vectorizer': CountVectorizer(min_df=7)}"
CountVectorizer(min_df=7),passthrough,100,gini,20,10,2,sqrt,,0.4493,0.0155,2,0.7824,0.0064,0.785,0.7752,0.792,0.7753,0.7844,8.6816,0.0802,"{'model__class_weight': None, 'model__criterion': 'gini', 'model__max_depth': 20, 'model__max_features': 'sqrt', 'model__min_samples_leaf': 2, 'model__min_samples_split': 10, 'model__n_estimators': 100, 'preprocessing__scaler': 'passthrough', 'preprocessing__vectorizer': CountVectorizer(min_df=7)}"
TfidfVectorizer(min_df=7),passthrough,100,gini,20,5,2,sqrt,,0.4534,0.0158,3,0.7819,0.006,0.7839,0.7764,0.7925,0.776,0.7806,10.6114,0.1071,"{'model__class_weight': None, 'model__criterion': 'gini', 'model__max_depth': 20, 'model__max_features': 'sqrt', 'model__min_samples_leaf': 2, 'model__min_samples_split': 5, 'model__n_estimators': 100, 'preprocessing__scaler': 'passthrough', 'preprocessing__vectorizer': TfidfVectorizer(min_df=7)}"
TfidfVectorizer(min_df=7),passthrough,100,gini,20,10,2,sqrt,,0.4204,0.013,4,0.7818,0.0055,0.7804,0.7781,0.7925,0.7773,0.781,9.9934,0.122,"{'model__class_weight': None, 'model__criterion': 'gini', 'model__max_depth': 20, 'model__max_features': 'sqrt', 'model__min_samples_leaf': 2, 'model__min_samples_split': 10, 'model__n_estimators': 100, 'preprocessing__scaler': 'passthrough', 'preprocessing__vectorizer': TfidfVectorizer(min_df=7)}"
TfidfVectorizer(min_df=7),passthrough,100,gini,20,10,5,sqrt,,0.6361,0.2243,5,0.7812,0.0061,0.7838,0.774,0.7916,0.7781,0.7784,11.5585,0.231,"{'model__class_weight': None, 'model__criterion': 'gini', 'model__max_depth': 20, 'model__max_features': 'sqrt', 'model__min_samples_leaf': 5, 'model__min_samples_split': 10, 'model__n_estimators': 100, 'preprocessing__scaler': 'passthrough', 'preprocessing__vectorizer': TfidfVectorizer(min_df=7)}"
TfidfVectorizer(min_df=7),passthrough,100,gini,20,5,5,sqrt,,0.4166,0.0117,5,0.7812,0.0061,0.7838,0.774,0.7916,0.7781,0.7784,9.1407,0.0812,"{'model__class_weight': None, 'model__criterion': 'gini', 'model__max_depth': 20, 'model__max_features': 'sqrt', 'model__min_samples_leaf': 5, 'model__min_samples_split': 5, 'model__n_estimators': 100, 'preprocessing__scaler': 'passthrough', 'preprocessing__vectorizer': TfidfVectorizer(min_df=7)}"
CountVectorizer(min_df=7),passthrough,100,entropy,20,10,2,sqrt,,0.3977,0.0124,7,0.7809,0.008,0.7838,0.7744,0.7945,0.772,0.7796,8.78,0.11,"{'model__class_weight': None, 'model__criterion': 'entropy', 'model__max_depth': 20, 'model__max_features': 'sqrt', 'model__min_samples_leaf': 2, 'model__min_samples_split': 10, 'model__n_estimators': 100, 'preprocessing__scaler': 'passthrough', 'preprocessing__vectorizer': CountVectorizer(min_df=7)}"
CountVectorizer(min_df=7),passthrough,100,entropy,20,5,2,sqrt,,0.446,0.0085,8,0.7806,0.007,0.7806,0.7735,0.7934,0.7754,0.7798,10.1276,0.127,"{'model__class_weight': None, 'model__criterion': 'entropy', 'model__max_depth': 20, 'model__max_features': 'sqrt', 'model__min_samples_leaf': 2, 'model__min_samples_split': 5, 'model__n_estimators': 100, 'preprocessing__scaler': 'passthrough', 'preprocessing__vectorizer': CountVectorizer(min_df=7)}"
CountVectorizer(min_df=7),passthrough,50,gini,20,10,2,sqrt,,0.3637,0.0148,9,0.78,0.0071,0.7871,0.7724,0.7896,0.7734,0.7775,4.9939,0.088,"{'model__class_weight': None, 'model__criterion': 'gini', 'model__max_depth': 20, 'model__max_features': 'sqrt', 'model__min_samples_leaf': 2, 'model__min_samples_split': 10, 'model__n_estimators': 50, 'preprocessing__scaler': 'passthrough', 'preprocessing__vectorizer': CountVectorizer(min_df=7)}"
TfidfVectorizer(min_df=7),passthrough,100,entropy,20,5,2,sqrt,,0.4678,0.0296,10,0.78,0.0058,0.7782,0.7726,0.7896,0.7829,0.7766,11.6268,0.1344,"{'model__class_weight': None, 'model__criterion': 'entropy', 'model__max_depth': 20, 'model__max_features': 'sqrt', 'model__min_samples_leaf': 2, 'model__min_samples_split': 5, 'model__n_estimators': 100, 'preprocessing__scaler': 'passthrough', 'preprocessing__vectorizer': TfidfVectorizer(min_df=7)}"
TfidfVectorizer(min_df=7),passthrough,100,entropy,20,10,2,sqrt,,0.3899,0.0057,11,0.7796,0.0063,0.7836,0.7736,0.7891,0.7796,0.7723,10.1745,0.1843,"{'model__class_weight': None, 'model__criterion': 'entropy', 'model__max_depth': 20, 'model__max_features': 'sqrt', 'model__min_samples_leaf': 2, 'model__min_samples_split': 10, 'model__n_estimators': 100, 'preprocessing__scaler': 'passthrough', 'preprocessing__vectorizer': TfidfVectorizer(min_df=7)}"
CountVectorizer(min_df=7),passthrough,50,entropy,20,10,2,sqrt,,0.3809,0.0207,12,0.7794,0.0091,0.7801,0.7756,0.7966,0.7713,0.7735,5.1367,0.2143,"{'model__class_weight': None, 'model__criterion': 'entropy', 'model__max_depth': 20, 'model__max_features': 'sqrt', 'model__min_samples_leaf': 2, 'model__min_samples_split': 10, 'model__n_estimators': 50, 'preprocessing__scaler': 'passthrough', 'preprocessing__vectorizer': CountVectorizer(min_df=7)}"
CountVectorizer(min_df=7),passthrough,50,gini,20,5,2,sqrt,,0.3665,0.0139,13,0.7787,0.0058,0.7798,0.7737,0.788,0.7716,0.7806,5.242,0.0712,"{'model__class_weight': None, 'model__criterion': 'gini', 'model__max_depth': 20, 'model__max_features': 'sqrt', 'model__min_samples_leaf': 2, 'model__min_samples_split': 5, 'model__n_estimators': 50, 'preprocessing__scaler': 'passthrough', 'preprocessing__vectorizer': CountVectorizer(min_df=7)}"
CountVectorizer(min_df=7),passthrough,100,entropy,20,5,5,sqrt,,0.4911,0.0432,14,0.7786,0.0075,0.7776,0.7687,0.7912,0.7745,0.781,8.2538,0.0644,"{'model__class_weight': None, 'model__criterion': 'entropy', 'model__max_depth': 20, 'model__max_features': 'sqrt', 'model__min_samples_leaf': 5, 'model__min_samples_split': 5, 'model__n_estimators': 100, 'preprocessing__scaler': 'passthrough', 'preprocessing__vectorizer': CountVectorizer(min_df=7)}"
CountVectorizer(min_df=7),passthrough,100,entropy,20,10,5,sqrt,,0.529,0.0128,14,0.7786,0.0075,0.7776,0.7687,0.7912,0.7745,0.781,10.091,0.0822,"{'model__class_weight': None, 'model__criterion': 'entropy', 'model__max_depth': 20, 'model__max_features': 'sqrt', 'model__min_samples_leaf': 5, 'model__min_samples_split': 10, 'model__n_estimators': 100, 'preprocessing__scaler': 'passthrough', 'preprocessing__vectorizer': CountVectorizer(min_df=7)}"
CountVectorizer(min_df=7),passthrough,50,entropy,20,5,2,sqrt,,0.408,0.0281,16,0.7785,0.0083,0.7758,0.7745,0.795,0.7733,0.774,6.5777,0.6502,"{'model__class_weight': None, 'model__criterion': 'entropy', 'model__max_depth': 20, 'model__max_features': 'sqrt', 'model__min_samples_leaf': 2, 'model__min_samples_split': 5, 'model__n_estimators': 50, 'preprocessing__scaler': 'passthrough', 'preprocessing__vectorizer': CountVectorizer(min_df=7)}"
TfidfVectorizer(min_df=7),passthrough,100,gini,20,5,2,sqrt,balanced,0.7013,0.0705,17,0.7785,0.0091,0.7843,0.7673,0.7908,0.7688,0.7813,15.7643,0.348,"{'model__class_weight': 'balanced', 'model__criterion': 'gini', 'model__max_depth': 20, 'model__max_features': 'sqrt', 'model__min_samples_leaf': 2, 'model__min_samples_split': 5, 'model__n_estimators': 100, 'preprocessing__scaler': 'passthrough', 'preprocessing__vectorizer': TfidfVectorizer(min_df=7)}"
TfidfVectorizer(min_df=7),passthrough,50,gini,20,5,2,sqrt,,0.3863,0.0229,18,0.7785,0.0064,0.7778,0.7733,0.7903,0.7723,0.7787,5.869,0.0915,"{'model__class_weight': None, 'model__criterion': 'gini', 'model__max_depth': 20, 'model__max_features': 'sqrt', 'model__min_samples_leaf': 2, 'model__min_samples_split': 5, 'model__n_estimators': 50, 'preprocessing__scaler': 'passthrough', 'preprocessing__vectorizer': TfidfVectorizer(min_df=7)}"
CountVectorizer(min_df=7),passthrough,100,gini,20,5,2,sqrt,balanced,0.6024,0.033,19,0.7778,0.0086,0.788,0.7688,0.7858,0.7671,0.779,15.9541,0.5661,"{'model__class_weight': 'balanced', 'model__criterion': 'gini', 'model__max_depth': 20, 'model__max_features': 'sqrt', 'model__min_samples_leaf': 2, 'model__min_samples_split': 5, 'model__n_estimators': 100, 'preprocessing__scaler': 'passthrough', 'preprocessing__vectorizer': CountVectorizer(min_df=7)}"
CountVectorizer(min_df=7),passthrough,50,gini,20,10,2,sqrt,balanced,0.526,0.0281,20,0.7777,0.0111,0.7869,0.7694,0.7922,0.762,0.7782,7.4471,0.2204,"{'model__class_weight': 'balanced', 'model__criterion': 'gini', 'model__max_depth': 20, 'model__max_features': 'sqrt', 'model__min_samples_leaf': 2, 'model__min_samples_split': 10, 'model__n_estimators': 50, 'preprocessing__scaler': 'passthrough', 'preprocessing__vectorizer': CountVectorizer(min_df=7)}"
CountVectorizer(min_df=7),passthrough,100,gini,20,5,5,sqrt,,0.3956,0.007,21,0.7776,0.0059,0.7798,0.7711,0.7876,0.7727,0.777,7.8837,0.0294,"{'model__class_weight': None, 'model__criterion': 'gini', 'model__max_depth': 20, 'model__max_features': 'sqrt', 'model__min_samples_leaf': 5, 'model__min_samples_split': 5, 'model__n_estimators': 100, 'preprocessing__scaler': 'passthrough', 'preprocessing__vectorizer': CountVectorizer(min_df=7)}"
CountVectorizer(min_df=7),passthrough,100,gini,20,10,5,sqrt,,0.441,0.0495,21,0.7776,0.0059,0.7798,0.7711,0.7876,0.7727,0.777,9.4906,0.0504,"{'model__class_weight': None, 'model__criterion': 'gini', 'model__max_depth': 20, 'model__max_features': 'sqrt', 'model__min_samples_leaf': 5, 'model__min_samples_split': 10, 'model__n_estimators': 100, 'preprocessing__scaler': 'passthrough', 'preprocessing__vectorizer': CountVectorizer(min_df=7)}"
TfidfVectorizer(min_df=7),passthrough,50,gini,20,10,2,sqrt,,0.3547,0.0086,23,0.7775,0.0075,0.7745,0.7767,0.7909,0.768,0.7773,5.6939,0.0891,"{'model__class_weight': None, 'model__criterion': 'gini', 'model__max_depth': 20, 'model__max_features': 'sqrt', 'model__min_samples_leaf': 2, 'model__min_samples_split': 10, 'model__n_estimators': 50, 'preprocessing__scaler': 'passthrough', 'preprocessing__vectorizer': TfidfVectorizer(min_df=7)}"
CountVectorizer(min_df=7),passthrough,100,entropy,20,10,2,sqrt,balanced,0.9309,0.1325,24,0.777,0.0084,0.7881,0.7649,0.7825,0.7704,0.779,16.9381,0.2484,"{'model__class_weight': 'balanced', 'model__criterion': 'entropy', 'model__max_depth': 20, 'model__max_features': 'sqrt', 'model__min_samples_leaf': 2, 'model__min_samples_split': 10, 'model__n_estimators': 100, 'preprocessing__scaler': 'passthrough', 'preprocessing__vectorizer': CountVectorizer(min_df=7)}"
CountVectorizer(min_df=7),passthrough,100,entropy,20,5,2,sqrt,balanced,0.792,0.1026,25,0.7767,0.0087,0.7855,0.7651,0.7871,0.7693,0.7764,17.9515,0.1901,"{'model__class_weight': 'balanced', 'model__criterion': 'entropy', 'model__max_depth': 20, 'model__max_features': 'sqrt', 'model__min_samples_leaf': 2, 'model__min_samples_split': 5, 'model__n_estimators': 100, 'preprocessing__scaler': 'passthrough', 'preprocessing__vectorizer': CountVectorizer(min_df=7)}"
TfidfVectorizer(min_df=7),passthrough,100,entropy,20,10,2,sqrt,balanced,0.68,0.0549,26,0.7765,0.0051,0.7821,0.7721,0.7813,0.7691,0.7781,19.3199,0.4482,"{'model__class_weight': 'balanced', 'model__criterion': 'entropy', 'model__max_depth': 20, 'model__max_features': 'sqrt', 'model__min_samples_leaf': 2, 'model__min_samples_split': 10, 'model__n_estimators': 100, 'preprocessing__scaler': 'passthrough', 'preprocessing__vectorizer': TfidfVectorizer(min_df=7)}"
TfidfVectorizer(min_df=7),passthrough,50,entropy,20,5,2,sqrt,,0.4051,0.0412,27,0.7765,0.0091,0.7719,0.7708,0.7947,0.7724,0.7728,6.8962,0.1117,"{'model__class_weight': None, 'model__criterion': 'entropy', 'model__max_depth': 20, 'model__max_features': 'sqrt', 'model__min_samples_leaf': 2, 'model__min_samples_split': 5, 'model__n_estimators': 50, 'preprocessing__scaler': 'passthrough', 'preprocessing__vectorizer': TfidfVectorizer(min_df=7)}"
TfidfVectorizer(min_df=7),passthrough,50,gini,20,5,5,sqrt,,0.3945,0.075,28,0.7765,0.0078,0.7746,0.7723,0.7918,0.7731,0.7705,4.8744,0.1063,"{'model__class_weight': None, 'model__criterion': 'gini', 'model__max_depth': 20, 'model__max_features': 'sqrt', 'model__min_samples_leaf': 5, 'model__min_samples_split': 5, 'model__n_estimators': 50, 'preprocessing__scaler': 'passthrough', 'preprocessing__vectorizer': TfidfVectorizer(min_df=7)}"
TfidfVectorizer(min_df=7),passthrough,50,gini,20,10,5,sqrt,,0.52,0.0998,28,0.7765,0.0078,0.7746,0.7723,0.7918,0.7731,0.7705,5.1019,0.4312,"{'model__class_weight': None, 'model__criterion': 'gini', 'model__max_depth': 20, 'model__max_features': 'sqrt', 'model__min_samples_leaf': 5, 'model__min_samples_split': 10, 'model__n_estimators': 50, 'preprocessing__scaler': 'passthrough', 'preprocessing__vectorizer': TfidfVectorizer(min_df=7)}"
TfidfVectorizer(min_df=7),passthrough,100,gini,20,10,2,sqrt,balanced,0.563,0.0575,30,0.7763,0.0072,0.7818,0.7663,0.7866,0.7712,0.7756,13.1907,0.1527,"{'model__class_weight': 'balanced', 'model__criterion': 'gini', 'model__max_depth': 20, 'model__max_features': 'sqrt', 'model__min_samples_leaf': 2, 'model__min_samples_split': 10, 'model__n_estimators': 100, 'preprocessing__scaler': 'passthrough', 'preprocessing__vectorizer': TfidfVectorizer(min_df=7)}"
CountVectorizer(min_df=7),passthrough,50,entropy,20,5,5,sqrt,,0.3147,0.0075,31,0.7761,0.0096,0.7737,0.7687,0.7944,0.7683,0.7753,3.9663,0.232,"{'model__class_weight': None, 'model__criterion': 'entropy', 'model__max_depth': 20, 'model__max_features': 'sqrt', 'model__min_samples_leaf': 5, 'model__min_samples_split': 5, 'model__n_estimators': 50, 'preprocessing__scaler': 'passthrough', 'preprocessing__vectorizer': CountVectorizer(min_df=7)}"
CountVectorizer(min_df=7),passthrough,50,entropy,20,10,5,sqrt,,0.3657,0.0325,31,0.7761,0.0096,0.7737,0.7687,0.7944,0.7683,0.7753,5.474,0.0817,"{'model__class_weight': None, 'model__criterion': 'entropy', 'model__max_depth': 20, 'model__max_features': 'sqrt', 'model__min_samples_leaf': 5, 'model__min_samples_split': 10, 'model__n_estimators': 50, 'preprocessing__scaler': 'passthrough', 'preprocessing__vectorizer': CountVectorizer(min_df=7)}"
TfidfVectorizer(min_df=7),passthrough,50,entropy,20,10,2,sqrt,,0.3662,0.0221,33,0.776,0.01,0.7776,0.7703,0.7948,0.7696,0.7677,6.0117,0.0717,"{'model__class_weight': None, 'model__criterion': 'entropy', 'model__max_depth': 20, 'model__max_features': 'sqrt', 'model__min_samples_leaf': 2, 'model__min_samples_split': 10, 'model__n_estimators': 50, 'preprocessing__scaler': 'passthrough', 'preprocessing__vectorizer': TfidfVectorizer(min_df=7)}"
TfidfVectorizer(min_df=7),passthrough,100,entropy,20,5,2,sqrt,balanced,0.955,0.1052,34,0.7759,0.0071,0.7851,0.7689,0.7822,0.767,0.7762,21.4916,0.3001,"{'model__class_weight': 'balanced', 'model__criterion': 'entropy', 'model__max_depth': 20, 'model__max_features': 'sqrt', 'model__min_samples_leaf': 2, 'model__min_samples_split': 5, 'model__n_estimators': 100, 'preprocessing__scaler': 'passthrough', 'preprocessing__vectorizer': TfidfVectorizer(min_df=7)}"
CountVectorizer(min_df=7),passthrough,100,gini,20,10,2,sqrt,balanced,0.6068,0.0373,35,0.7759,0.0091,0.7862,0.7646,0.7852,0.7661,0.7774,12.1576,0.1381,"{'model__class_weight': 'balanced', 'model__criterion': 'gini', 'model__max_depth': 20, 'model__max_features': 'sqrt', 'model__min_samples_leaf': 2, 'model__min_samples_split': 10, 'model__n_estimators': 100, 'preprocessing__scaler': 'passthrough', 'preprocessing__vectorizer': CountVectorizer(min_df=7)}"
TfidfVectorizer(min_df=7),passthrough,100,entropy,20,10,5,sqrt,,0.907,0.2397,36,0.7757,0.0054,0.7804,0.7682,0.7826,0.7766,0.771,13.661,0.2102,"{'model__class_weight': None, 'model__criterion': 'entropy', 'model__max_depth': 20, 'model__max_features': 'sqrt', 'model__min_samples_leaf': 5, 'model__min_samples_split': 10, 'model__n_estimators': 100, 'preprocessing__scaler': 'passthrough', 'preprocessing__vectorizer': TfidfVectorizer(min_df=7)}"
TfidfVectorizer(min_df=7),passthrough,100,entropy,20,5,5,sqrt,,0.6475,0.2212,36,0.7757,0.0054,0.7804,0.7682,0.7826,0.7766,0.771,11.2703,0.4338,"{'model__class_weight': None, 'model__criterion': 'entropy', 'model__max_depth': 20, 'model__max_features': 'sqrt', 'model__min_samples_leaf': 5, 'model__min_samples_split': 5, 'model__n_estimators': 100, 'preprocessing__scaler': 'passthrough', 'preprocessing__vectorizer': TfidfVectorizer(min_df=7)}"
TfidfVectorizer(min_df=7),passthrough,50,gini,20,5,2,sqrt,balanced,0.6299,0.0445,38,0.7747,0.01,0.7815,0.7666,0.79,0.7626,0.7727,12.2563,0.3207,"{'model__class_weight': 'balanced', 'model__criterion': 'gini', 'model__max_depth': 20, 'model__max_features': 'sqrt', 'model__min_samples_leaf': 2, 'model__min_samples_split': 5, 'model__n_estimators': 50, 'preprocessing__scaler': 'passthrough', 'preprocessing__vectorizer': TfidfVectorizer(min_df=7)}"
CountVectorizer(min_df=7),passthrough,50,entropy,20,5,2,sqrt,balanced,0.6049,0.1106,39,0.7744,0.0082,0.7758,0.7671,0.7884,0.7653,0.7753,8.3522,0.3427,"{'model__class_weight': 'balanced', 'model__criterion': 'entropy', 'model__max_depth': 20, 'model__max_features': 'sqrt', 'model__min_samples_leaf': 2, 'model__min_samples_split': 5, 'model__n_estimators': 50, 'preprocessing__scaler': 'passthrough', 'preprocessing__vectorizer': CountVectorizer(min_df=7)}"
TfidfVectorizer(min_df=7),passthrough,50,gini,20,10,2,sqrt,balanced,0.4926,0.1084,40,0.7739,0.0102,0.7835,0.7641,0.7888,0.7661,0.7672,8.3221,0.2659,"{'model__class_weight': 'balanced', 'model__criterion': 'gini', 'model__max_depth': 20, 'model__max_features': 'sqrt', 'model__min_samples_leaf': 2, 'model__min_samples_split': 10, 'model__n_estimators': 50, 'preprocessing__scaler': 'passthrough', 'preprocessing__vectorizer': TfidfVectorizer(min_df=7)}"
CountVectorizer(min_df=7),passthrough,50,gini,20,5,2,sqrt,balanced,0.7964,0.1373,41,0.7734,0.0108,0.7843,0.7647,0.7869,0.759,0.7721,10.8119,0.6806,"{'model__class_weight': 'balanced', 'model__criterion': 'gini', 'model__max_depth': 20, 'model__max_features': 'sqrt', 'model__min_samples_leaf': 2, 'model__min_samples_split': 5, 'model__n_estimators': 50, 'preprocessing__scaler': 'passthrough', 'preprocessing__vectorizer': CountVectorizer(min_df=7)}"
TfidfVectorizer(min_df=7),passthrough,50,entropy,20,10,2,sqrt,balanced,0.7446,0.0936,42,0.7734,0.0062,0.7772,0.7703,0.7836,0.7681,0.7677,11.642,0.2487,"{'model__class_weight': 'balanced', 'model__criterion': 'entropy', 'model__max_depth': 20, 'model__max_features': 'sqrt', 'model__min_samples_leaf': 2, 'model__min_samples_split': 10, 'model__n_estimators': 50, 'preprocessing__scaler': 'passthrough', 'preprocessing__vectorizer': TfidfVectorizer(min_df=7)}"
TfidfVectorizer(min_df=7),passthrough,50,entropy,20,5,2,sqrt,balanced,0.7709,0.0777,43,0.7732,0.0062,0.7796,0.7718,0.7812,0.7653,0.7682,10.6283,0.162,"{'model__class_weight': 'balanced', 'model__criterion': 'entropy', 'model__max_depth': 20, 'model__max_features': 'sqrt', 'model__min_samples_leaf': 2, 'model__min_samples_split': 5, 'model__n_estimators': 50, 'preprocessing__scaler': 'passthrough', 'preprocessing__vectorizer': TfidfVectorizer(min_df=7)}"
CountVectorizer(min_df=7),passthrough,50,gini,20,5,5,sqrt,,0.342,0.0223,44,0.7731,0.0078,0.776,0.7684,0.7863,0.7632,0.7715,4.2227,0.0474,"{'model__class_weight': None, 'model__criterion': 'gini', 'model__max_depth': 20, 'model__max_features': 'sqrt', 'model__min_samples_leaf': 5, 'model__min_samples_split': 5, 'model__n_estimators': 50, 'preprocessing__scaler': 'passthrough', 'preprocessing__vectorizer': CountVectorizer(min_df=7)}"
CountVectorizer(min_df=7),passthrough,50,gini,20,10,5,sqrt,,0.3349,0.0057,44,0.7731,0.0078,0.776,0.7684,0.7863,0.7632,0.7715,4.1808,0.3507,"{'model__class_weight': None, 'model__criterion': 'gini', 'model__max_depth': 20, 'model__max_features': 'sqrt', 'model__min_samples_leaf': 5, 'model__min_samples_split': 10, 'model__n_estimators': 50, 'preprocessing__scaler': 'passthrough', 'preprocessing__vectorizer': CountVectorizer(min_df=7)}"
CountVectorizer(min_df=7),passthrough,50,entropy,20,10,2,sqrt,balanced,0.7797,0.0651,46,0.7729,0.0095,0.7764,0.7708,0.7883,0.7589,0.7701,9.9382,0.2318,"{'model__class_weight': 'balanced', 'model__criterion': 'entropy', 'model__max_depth': 20, 'model__max_features': 'sqrt', 'model__min_samples_leaf': 2, 'model__min_samples_split': 10, 'model__n_estimators': 50, 'preprocessing__scaler': 'passthrough', 'preprocessing__vectorizer': CountVectorizer(min_df=7)}"
TfidfVectorizer(min_df=7),passthrough,50,entropy,20,10,5,sqrt,,0.4954,0.1394,47,0.7723,0.0071,0.7764,0.7741,0.782,0.7674,0.7616,6.4543,0.1982,"{'model__class_weight': None, 'model__criterion': 'entropy', 'model__max_depth': 20, 'model__max_features': 'sqrt', 'model__min_samples_leaf': 5, 'model__min_samples_split': 10, 'model__n_estimators': 50, 'preprocessing__scaler': 'passthrough', 'preprocessing__vectorizer': TfidfVectorizer(min_df=7)}"
TfidfVectorizer(min_df=7),passthrough,50,entropy,20,5,5,sqrt,,0.3471,0.0229,47,0.7723,0.0071,0.7764,0.7741,0.782,0.7674,0.7616,4.6304,0.1112,"{'model__class_weight': None, 'model__criterion': 'entropy', 'model__max_depth': 20, 'model__max_features': 'sqrt', 'model__min_samples_leaf': 5, 'model__min_samples_split': 5, 'model__n_estimators': 50, 'preprocessing__scaler': 'passthrough', 'preprocessing__vectorizer': TfidfVectorizer(min_df=7)}"
TfidfVectorizer(min_df=7),passthrough,100,entropy,20,5,5,sqrt,balanced,0.4939,0.0227,49,0.7703,0.007,0.7763,0.7627,0.7774,0.7609,0.7741,11.3509,0.2844,"{'model__class_weight': 'balanced', 'model__criterion': 'entropy', 'model__max_depth': 20, 'model__max_features': 'sqrt', 'model__min_samples_leaf': 5, 'model__min_samples_split': 5, 'model__n_estimators': 100, 'preprocessing__scaler': 'passthrough', 'preprocessing__vectorizer': TfidfVectorizer(min_df=7)}"
TfidfVectorizer(min_df=7),passthrough,100,entropy,20,10,5,sqrt,balanced,0.3385,0.0738,49,0.7703,0.007,0.7763,0.7627,0.7774,0.7609,0.7741,9.0052,0.1856,"{'model__class_weight': 'balanced', 'model__criterion': 'entropy', 'model__max_depth': 20, 'model__max_features': 'sqrt', 'model__min_samples_leaf': 5, 'model__min_samples_split': 10, 'model__n_estimators': 100, 'preprocessing__scaler': 'passthrough', 'preprocessing__vectorizer': TfidfVectorizer(min_df=7)}"
CountVectorizer(min_df=7),passthrough,100,entropy,20,10,5,sqrt,balanced,0.4034,0.0205,51,0.7702,0.0082,0.7801,0.7567,0.776,0.7659,0.7725,7.8942,0.044,"{'model__class_weight': 'balanced', 'model__criterion': 'entropy', 'model__max_depth': 20, 'model__max_features': 'sqrt', 'model__min_samples_leaf': 5, 'model__min_samples_split': 10, 'model__n_estimators': 100, 'preprocessing__scaler': 'passthrough', 'preprocessing__vectorizer': CountVectorizer(min_df=7)}"
CountVectorizer(min_df=7),passthrough,100,entropy,20,5,5,sqrt,balanced,0.5418,0.0262,51,0.7702,0.0082,0.7801,0.7567,0.776,0.7659,0.7725,9.8624,0.1068,"{'model__class_weight': 'balanced', 'model__criterion': 'entropy', 'model__max_depth': 20, 'model__max_features': 'sqrt', 'model__min_samples_leaf': 5, 'model__min_samples_split': 5, 'model__n_estimators': 100, 'preprocessing__scaler': 'passthrough', 'preprocessing__vectorizer': CountVectorizer(min_df=7)}"
TfidfVectorizer(min_df=7),passthrough,50,entropy,20,10,5,sqrt,balanced,0.3963,0.0511,53,0.7702,0.0075,0.7757,0.7644,0.7802,0.7594,0.7711,5.5574,0.0958,"{'model__class_weight': 'balanced', 'model__criterion': 'entropy', 'model__max_depth': 20, 'model__max_features': 'sqrt', 'model__min_samples_leaf': 5, 'model__min_samples_split': 10, 'model__n_estimators': 50, 'preprocessing__scaler': 'passthrough', 'preprocessing__vectorizer': TfidfVectorizer(min_df=7)}"
TfidfVectorizer(min_df=7),passthrough,50,entropy,20,5,5,sqrt,balanced,0.4973,0.0743,53,0.7702,0.0075,0.7757,0.7644,0.7802,0.7594,0.7711,7.9052,0.2347,"{'model__class_weight': 'balanced', 'model__criterion': 'entropy', 'model__max_depth': 20, 'model__max_features': 'sqrt', 'model__min_samples_leaf': 5, 'model__min_samples_split': 5, 'model__n_estimators': 50, 'preprocessing__scaler': 'passthrough', 'preprocessing__vectorizer': TfidfVectorizer(min_df=7)}"
TfidfVectorizer(min_df=7),passthrough,100,gini,20,5,5,sqrt,balanced,0.6626,0.0801,55,0.7701,0.008,0.7796,0.76,0.7788,0.7632,0.7689,12.0373,0.0804,"{'model__class_weight': 'balanced', 'model__criterion': 'gini', 'model__max_depth': 20, 'model__max_features': 'sqrt', 'model__min_samples_leaf': 5, 'model__min_samples_split': 5, 'model__n_estimators': 100, 'preprocessing__scaler': 'passthrough', 'preprocessing__vectorizer': TfidfVectorizer(min_df=7)}"
TfidfVectorizer(min_df=7),passthrough,100,gini,20,10,5,sqrt,balanced,0.5773,0.0202,55,0.7701,0.008,0.7796,0.76,0.7788,0.7632,0.7689,12.7354,0.1436,"{'model__class_weight': 'balanced', 'model__criterion': 'gini', 'model__max_depth': 20, 'model__max_features': 'sqrt', 'model__min_samples_leaf': 5, 'model__min_samples_split': 10, 'model__n_estimators': 100, 'preprocessing__scaler': 'passthrough', 'preprocessing__vectorizer': TfidfVectorizer(min_df=7)}"
TfidfVectorizer(min_df=7),passthrough,50,gini,20,5,5,sqrt,balanced,0.4823,0.0502,57,0.7686,0.0098,0.7796,0.7611,0.7815,0.7598,0.7609,6.2449,0.1337,"{'model__class_weight': 'balanced', 'model__criterion': 'gini', 'model__max_depth': 20, 'model__max_features': 'sqrt', 'model__min_samples_leaf': 5, 'model__min_samples_split': 5, 'model__n_estimators': 50, 'preprocessing__scaler': 'passthrough', 'preprocessing__vectorizer': TfidfVectorizer(min_df=7)}"
TfidfVectorizer(min_df=7),passthrough,50,gini,20,10,5,sqrt,balanced,0.5717,0.0879,57,0.7686,0.0098,0.7796,0.7611,0.7815,0.7598,0.7609,7.2075,0.1071,"{'model__class_weight': 'balanced', 'model__criterion': 'gini', 'model__max_depth': 20, 'model__max_features': 'sqrt', 'model__min_samples_leaf': 5, 'model__min_samples_split': 10, 'model__n_estimators': 50, 'preprocessing__scaler': 'passthrough', 'preprocessing__vectorizer': TfidfVectorizer(min_df=7)}"
CountVectorizer(min_df=7),passthrough,100,gini,20,10,5,sqrt,balanced,0.576,0.0099,59,0.7684,0.0094,0.7784,0.7548,0.7763,0.7597,0.7728,11.2932,0.1196,"{'model__class_weight': 'balanced', 'model__criterion': 'gini', 'model__max_depth': 20, 'model__max_features': 'sqrt', 'model__min_samples_leaf': 5, 'model__min_samples_split': 10, 'model__n_estimators': 100, 'preprocessing__scaler': 'passthrough', 'preprocessing__vectorizer': CountVectorizer(min_df=7)}"
CountVectorizer(min_df=7),passthrough,100,gini,20,5,5,sqrt,balanced,0.6255,0.0546,59,0.7684,0.0094,0.7784,0.7548,0.7763,0.7597,0.7728,10.0315,0.0675,"{'model__class_weight': 'balanced', 'model__criterion': 'gini', 'model__max_depth': 20, 'model__max_features': 'sqrt', 'model__min_samples_leaf': 5, 'model__min_samples_split': 5, 'model__n_estimators': 100, 'preprocessing__scaler': 'passthrough', 'preprocessing__vectorizer': CountVectorizer(min_df=7)}"
CountVectorizer(min_df=7),passthrough,50,gini,20,10,5,sqrt,balanced,0.536,0.0404,61,0.767,0.0089,0.7775,0.7601,0.7758,0.7543,0.7672,6.0244,0.203,"{'model__class_weight': 'balanced', 'model__criterion': 'gini', 'model__max_depth': 20, 'model__max_features': 'sqrt', 'model__min_samples_leaf': 5, 'model__min_samples_split': 10, 'model__n_estimators': 50, 'preprocessing__scaler': 'passthrough', 'preprocessing__vectorizer': CountVectorizer(min_df=7)}"
CountVectorizer(min_df=7),passthrough,50,gini,20,5,5,sqrt,balanced,0.4422,0.0266,61,0.767,0.0089,0.7775,0.7601,0.7758,0.7543,0.7672,5.606,0.2526,"{'model__class_weight': 'balanced', 'model__criterion': 'gini', 'model__max_depth': 20, 'model__max_features': 'sqrt', 'model__min_samples_leaf': 5, 'model__min_samples_split': 5, 'model__n_estimators': 50, 'preprocessing__scaler': 'passthrough', 'preprocessing__vectorizer': CountVectorizer(min_df=7)}"
CountVectorizer(min_df=7),passthrough,50,entropy,20,10,5,sqrt,balanced,0.3918,0.0334,63,0.765,0.0086,0.7705,0.7586,0.7785,0.7545,0.7627,4.9437,0.3217,"{'model__class_weight': 'balanced', 'model__criterion': 'entropy', 'model__max_depth': 20, 'model__max_features': 'sqrt', 'model__min_samples_leaf': 5, 'model__min_samples_split': 10, 'model__n_estimators': 50, 'preprocessing__scaler': 'passthrough', 'preprocessing__vectorizer': CountVectorizer(min_df=7)}"
CountVectorizer(min_df=7),passthrough,50,entropy,20,5,5,sqrt,balanced,0.5261,0.0309,63,0.765,0.0086,0.7705,0.7586,0.7785,0.7545,0.7627,7.5299,0.5735,"{'model__class_weight': 'balanced', 'model__criterion': 'entropy', 'model__max_depth': 20, 'model__max_features': 'sqrt', 'model__min_samples_leaf': 5, 'model__min_samples_split': 5, 'model__n_estimators': 50, 'preprocessing__scaler': 'passthrough', 'preprocessing__vectorizer': CountVectorizer(min_df=7)}"
TfidfVectorizer(min_df=7),passthrough,100,gini,15,5,2,sqrt,,0.3518,0.0104,65,0.7648,0.0019,0.7669,0.7622,0.7666,0.7653,0.7629,6.32,0.0673,"{'model__class_weight': None, 'model__criterion': 'gini', 'model__max_depth': 15, 'model__max_features': 'sqrt', 'model__min_samples_leaf': 2, 'model__min_samples_split': 5, 'model__n_estimators': 100, 'preprocessing__scaler': 'passthrough', 'preprocessing__vectorizer': TfidfVectorizer(min_df=7)}"
TfidfVectorizer(min_df=7),passthrough,50,gini,15,10,2,sqrt,balanced,0.5522,0.1787,66,0.7647,0.0092,0.777,0.7612,0.7731,0.7515,0.7607,6.4706,0.3293,"{'model__class_weight': 'balanced', 'model__criterion': 'gini', 'model__max_depth': 15, 'model__max_features': 'sqrt', 'model__min_samples_leaf': 2, 'model__min_samples_split': 10, 'model__n_estimators': 50, 'preprocessing__scaler': 'passthrough', 'preprocessing__vectorizer': TfidfVectorizer(min_df=7)}"
CountVectorizer(min_df=7),passthrough,100,gini,15,10,2,sqrt,,0.5279,0.0887,67,0.7644,0.0041,0.7642,0.7647,0.7687,0.7569,0.7674,5.4605,0.152,"{'model__class_weight': None, 'model__criterion': 'gini', 'model__max_depth': 15, 'model__max_features': 'sqrt', 'model__min_samples_leaf': 2, 'model__min_samples_split': 10, 'model__n_estimators': 100, 'preprocessing__scaler': 'passthrough', 'preprocessing__vectorizer': CountVectorizer(min_df=7)}"
CountVectorizer(min_df=7),passthrough,100,gini,15,10,2,sqrt,balanced,0.5207,0.0296,68,0.7642,0.0075,0.7751,0.7572,0.7672,0.7545,0.7672,9.7827,0.0863,"{'model__class_weight': 'balanced', 'model__criterion': 'gini', 'model__max_depth': 15, 'model__max_features': 'sqrt', 'model__min_samples_leaf': 2, 'model__min_samples_split': 10, 'model__n_estimators': 100, 'preprocessing__scaler': 'passthrough', 'preprocessing__vectorizer': CountVectorizer(min_df=7)}"
TfidfVectorizer(min_df=7),passthrough,50,entropy,15,5,2,sqrt,balanced,0.4341,0.0672,69,0.7642,0.0091,0.7756,0.765,0.7687,0.7481,0.7634,5.2805,0.0899,"{'model__class_weight': 'balanced', 'model__criterion': 'entropy', 'model__max_depth': 15, 'model__max_features': 'sqrt', 'model__min_samples_leaf': 2, 'model__min_samples_split': 5, 'model__n_estimators': 50, 'preprocessing__scaler': 'passthrough', 'preprocessing__vectorizer': TfidfVectorizer(min_df=7)}"
TfidfVectorizer(min_df=7),passthrough,50,gini,15,5,2,sqrt,balanced,0.4768,0.0301,70,0.7641,0.0072,0.7759,0.7598,0.7689,0.7576,0.7582,7.1683,0.7708,"{'model__class_weight': 'balanced', 'model__criterion': 'gini', 'model__max_depth': 15, 'model__max_features': 'sqrt', 'model__min_samples_leaf': 2, 'model__min_samples_split': 5, 'model__n_estimators': 50, 'preprocessing__scaler': 'passthrough', 'preprocessing__vectorizer': TfidfVectorizer(min_df=7)}"
TfidfVectorizer(min_df=7),passthrough,100,gini,15,10,2,sqrt,balanced,0.676,0.0752,71,0.7639,0.0084,0.7776,0.7569,0.7648,0.7537,0.7668,11.3934,0.0805,"{'model__class_weight': 'balanced', 'model__criterion': 'gini', 'model__max_depth': 15, 'model__max_features': 'sqrt', 'model__min_samples_leaf': 2, 'model__min_samples_split': 10, 'model__n_estimators': 100, 'preprocessing__scaler': 'passthrough', 'preprocessing__vectorizer': TfidfVectorizer(min_df=7)}"
CountVectorizer(min_df=7),passthrough,100,gini,15,5,2,sqrt,,0.3328,0.0119,72,0.7635,0.0051,0.7608,0.7637,0.7709,0.7557,0.7666,5.3025,0.048,"{'model__class_weight': None, 'model__criterion': 'gini', 'model__max_depth': 15, 'model__max_features': 'sqrt', 'model__min_samples_leaf': 2, 'model__min_samples_split': 5, 'model__n_estimators': 100, 'preprocessing__scaler': 'passthrough', 'preprocessing__vectorizer': CountVectorizer(min_df=7)}"
TfidfVectorizer(min_df=7),passthrough,100,gini,15,5,2,sqrt,balanced,0.7034,0.1732,73,0.7635,0.0092,0.7787,0.7517,0.7667,0.7571,0.7632,12.1919,0.1737,"{'model__class_weight': 'balanced', 'model__criterion': 'gini', 'model__max_depth': 15, 'model__max_features': 'sqrt', 'model__min_samples_leaf': 2, 'model__min_samples_split': 5, 'model__n_estimators': 100, 'preprocessing__scaler': 'passthrough', 'preprocessing__vectorizer': TfidfVectorizer(min_df=7)}"
TfidfVectorizer(min_df=7),passthrough,100,entropy,15,5,2,sqrt,balanced,0.6844,0.0813,74,0.7634,0.0081,0.7767,0.7562,0.7649,0.7535,0.7655,11.0314,0.2386,"{'model__class_weight': 'balanced', 'model__criterion': 'entropy', 'model__max_depth': 15, 'model__max_features': 'sqrt', 'model__min_samples_leaf': 2, 'model__min_samples_split': 5, 'model__n_estimators': 100, 'preprocessing__scaler': 'passthrough', 'preprocessing__vectorizer': TfidfVectorizer(min_df=7)}"
CountVectorizer(min_df=7),passthrough,100,gini,15,5,2,sqrt,balanced,0.6874,0.1338,75,0.7633,0.0099,0.7805,0.753,0.7603,0.7553,0.7676,9.8141,0.1338,"{'model__class_weight': 'balanced', 'model__criterion': 'gini', 'model__max_depth': 15, 'model__max_features': 'sqrt', 'model__min_samples_leaf': 2, 'model__min_samples_split': 5, 'model__n_estimators': 100, 'preprocessing__scaler': 'passthrough', 'preprocessing__vectorizer': CountVectorizer(min_df=7)}"
TfidfVectorizer(min_df=7),passthrough,50,entropy,15,10,2,sqrt,balanced,0.5578,0.0704,76,0.7632,0.0074,0.7734,0.7648,0.7678,0.7525,0.7574,6.817,0.1663,"{'model__class_weight': 'balanced', 'model__criterion': 'entropy', 'model__max_depth': 15, 'model__max_features': 'sqrt', 'model__min_samples_leaf': 2, 'model__min_samples_split': 10, 'model__n_estimators': 50, 'preprocessing__scaler': 'passthrough', 'preprocessing__vectorizer': TfidfVectorizer(min_df=7)}"
TfidfVectorizer(min_df=7),passthrough,100,entropy,15,10,2,sqrt,balanced,0.7043,0.0584,77,0.7625,0.009,0.7763,0.7543,0.7645,0.7512,0.7663,13.4395,0.1715,"{'model__class_weight': 'balanced', 'model__criterion': 'entropy', 'model__max_depth': 15, 'model__max_features': 'sqrt', 'model__min_samples_leaf': 2, 'model__min_samples_split': 10, 'model__n_estimators': 100, 'preprocessing__scaler': 'passthrough', 'preprocessing__vectorizer': TfidfVectorizer(min_df=7)}"
CountVectorizer(min_df=7),passthrough,50,gini,15,10,2,sqrt,balanced,0.5604,0.1764,78,0.7625,0.0087,0.7745,0.7578,0.7668,0.7486,0.7645,6.3498,0.1455,"{'model__class_weight': 'balanced', 'model__criterion': 'gini', 'model__max_depth': 15, 'model__max_features': 'sqrt', 'model__min_samples_leaf': 2, 'model__min_samples_split': 10, 'model__n_estimators': 50, 'preprocessing__scaler': 'passthrough', 'preprocessing__vectorizer': CountVectorizer(min_df=7)}"
CountVectorizer(min_df=7),passthrough,50,entropy,15,10,2,sqrt,balanced,0.5138,0.0204,79,0.7622,0.0085,0.7741,0.7595,0.7674,0.7486,0.7616,5.2726,0.3082,"{'model__class_weight': 'balanced', 'model__criterion': 'entropy', 'model__max_depth': 15, 'model__max_features': 'sqrt', 'model__min_samples_leaf': 2, 'model__min_samples_split': 10, 'model__n_estimators': 50, 'preprocessing__scaler': 'passthrough', 'preprocessing__vectorizer': CountVectorizer(min_df=7)}"
CountVectorizer(min_df=7),passthrough,100,entropy,15,10,2,sqrt,balanced,0.782,0.144,80,0.7622,0.0094,0.7784,0.7519,0.7643,0.7539,0.7624,10.6277,0.1829,"{'model__class_weight': 'balanced', 'model__criterion': 'entropy', 'model__max_depth': 15, 'model__max_features': 'sqrt', 'model__min_samples_leaf': 2, 'model__min_samples_split': 10, 'model__n_estimators': 100, 'preprocessing__scaler': 'passthrough', 'preprocessing__vectorizer': CountVectorizer(min_df=7)}"
TfidfVectorizer(min_df=7),passthrough,50,gini,15,10,2,sqrt,,0.2899,0.0093,81,0.7622,0.0051,0.767,0.7559,0.7691,0.758,0.7608,3.5144,0.054,"{'model__class_weight': None, 'model__criterion': 'gini', 'model__max_depth': 15, 'model__max_features': 'sqrt', 'model__min_samples_leaf': 2, 'model__min_samples_split': 10, 'model__n_estimators': 50, 'preprocessing__scaler': 'passthrough', 'preprocessing__vectorizer': TfidfVectorizer(min_df=7)}"
TfidfVectorizer(min_df=7),passthrough,100,gini,15,10,2,sqrt,,0.5242,0.0679,82,0.762,0.0031,0.7601,0.7603,0.7681,0.7598,0.7619,8.009,0.2277,"{'model__class_weight': None, 'model__criterion': 'gini', 'model__max_depth': 15, 'model__max_features': 'sqrt', 'model__min_samples_leaf': 2, 'model__min_samples_split': 10, 'model__n_estimators': 100, 'preprocessing__scaler': 'passthrough', 'preprocessing__vectorizer': TfidfVectorizer(min_df=7)}"
TfidfVectorizer(min_df=7),passthrough,50,gini,15,5,2,sqrt,,0.283,0.0117,83,0.762,0.0039,0.7681,0.7588,0.7651,0.7598,0.7581,3.5342,0.0572,"{'model__class_weight': None, 'model__criterion': 'gini', 'model__max_depth': 15, 'model__max_features': 'sqrt', 'model__min_samples_leaf': 2, 'model__min_samples_split': 5, 'model__n_estimators': 50, 'preprocessing__scaler': 'passthrough', 'preprocessing__vectorizer': TfidfVectorizer(min_df=7)}"
CountVectorizer(min_df=7),passthrough,100,entropy,15,5,2,sqrt,balanced,0.5752,0.0235,84,0.7619,0.0087,0.7765,0.7543,0.7635,0.7519,0.7635,8.1079,0.1193,"{'model__class_weight': 'balanced', 'model__criterion': 'entropy', 'model__max_depth': 15, 'model__max_features': 'sqrt', 'model__min_samples_leaf': 2, 'model__min_samples_split': 5, 'model__n_estimators': 100, 'preprocessing__scaler': 'passthrough', 'preprocessing__vectorizer': CountVectorizer(min_df=7)}"
CountVectorizer(min_df=7),passthrough,50,gini,15,5,2,sqrt,balanced,0.498,0.0347,85,0.7616,0.0079,0.7736,0.7562,0.7652,0.7505,0.7623,7.8843,0.3187,"{'model__class_weight': 'balanced', 'model__criterion': 'gini', 'model__max_depth': 15, 'model__max_features': 'sqrt', 'model__min_samples_leaf': 2, 'model__min_samples_split': 5, 'model__n_estimators': 50, 'preprocessing__scaler': 'passthrough', 'preprocessing__vectorizer': CountVectorizer(min_df=7)}"
CountVectorizer(min_df=7),passthrough,50,entropy,15,5,2,sqrt,balanced,0.3947,0.0179,86,0.7616,0.0074,0.7697,0.7648,0.7649,0.7481,0.7602,4.3674,0.0706,"{'model__class_weight': 'balanced', 'model__criterion': 'entropy', 'model__max_depth': 15, 'model__max_features': 'sqrt', 'model__min_samples_leaf': 2, 'model__min_samples_split': 5, 'model__n_estimators': 50, 'preprocessing__scaler': 'passthrough', 'preprocessing__vectorizer': CountVectorizer(min_df=7)}"
TfidfVectorizer(min_df=7),passthrough,100,gini,15,5,5,sqrt,,0.427,0.0283,87,0.7612,0.006,0.7582,0.7636,0.7709,0.7529,0.7603,6.9542,0.071,"{'model__class_weight': None, 'model__criterion': 'gini', 'model__max_depth': 15, 'model__max_features': 'sqrt', 'model__min_samples_leaf': 5, 'model__min_samples_split': 5, 'model__n_estimators': 100, 'preprocessing__scaler': 'passthrough', 'preprocessing__vectorizer': TfidfVectorizer(min_df=7)}"
TfidfVectorizer(min_df=7),passthrough,100,gini,15,10,5,sqrt,,0.4512,0.0486,87,0.7612,0.006,0.7582,0.7636,0.7709,0.7529,0.7603,7.3818,0.0492,"{'model__class_weight': None, 'model__criterion': 'gini', 'model__max_depth': 15, 'model__max_features': 'sqrt', 'model__min_samples_leaf': 5, 'model__min_samples_split': 10, 'model__n_estimators': 100, 'preprocessing__scaler': 'passthrough', 'preprocessing__vectorizer': TfidfVectorizer(min_df=7)}"
CountVectorizer(min_df=7),passthrough,50,gini,15,10,2,sqrt,,0.2813,0.0099,89,0.7606,0.0044,0.7651,0.7612,0.7641,0.7525,0.76,3.0099,0.0372,"{'model__class_weight': None, 'model__criterion': 'gini', 'model__max_depth': 15, 'model__max_features': 'sqrt', 'model__min_samples_leaf': 2, 'model__min_samples_split': 10, 'model__n_estimators': 50, 'preprocessing__scaler': 'passthrough', 'preprocessing__vectorizer': CountVectorizer(min_df=7)}"
TfidfVectorizer(min_df=7),passthrough,50,gini,15,5,5,sqrt,balanced,0.5728,0.108,90,0.7605,0.0084,0.7729,0.7544,0.7684,0.7523,0.7545,6.1302,0.0412,"{'model__class_weight': 'balanced', 'model__criterion': 'gini', 'model__max_depth': 15, 'model__max_features': 'sqrt', 'model__min_samples_leaf': 5, 'model__min_samples_split': 5, 'model__n_estimators': 50, 'preprocessing__scaler': 'passthrough', 'preprocessing__vectorizer': TfidfVectorizer(min_df=7)}"
TfidfVectorizer(min_df=7),passthrough,50,gini,15,10,5,sqrt,balanced,0.7165,0.08,90,0.7605,0.0084,0.7729,0.7544,0.7684,0.7523,0.7545,9.3764,0.1853,"{'model__class_weight': 'balanced', 'model__criterion': 'gini', 'model__max_depth': 15, 'model__max_features': 'sqrt', 'model__min_samples_leaf': 5, 'model__min_samples_split': 10, 'model__n_estimators': 50, 'preprocessing__scaler': 'passthrough', 'preprocessing__vectorizer': TfidfVectorizer(min_df=7)}"
CountVectorizer(min_df=7),passthrough,100,entropy,15,5,2,sqrt,,1.0062,0.0528,92,0.76,0.0033,0.7571,0.7595,0.7649,0.756,0.7626,12.7322,0.2896,"{'model__class_weight': None, 'model__criterion': 'entropy', 'model__max_depth': 15, 'model__max_features': 'sqrt', 'model__min_samples_leaf': 2, 'model__min_samples_split': 5, 'model__n_estimators': 100, 'preprocessing__scaler': 'passthrough', 'preprocessing__vectorizer': CountVectorizer(min_df=7)}"
CountVectorizer(min_df=7),passthrough,100,entropy,15,10,2,sqrt,,0.598,0.0111,93,0.7599,0.0049,0.7567,0.7618,0.7679,0.7534,0.7597,10.6387,0.1828,"{'model__class_weight': None, 'model__criterion': 'entropy', 'model__max_depth': 15, 'model__max_features': 'sqrt', 'model__min_samples_leaf': 2, 'model__min_samples_split': 10, 'model__n_estimators': 100, 'preprocessing__scaler': 'passthrough', 'preprocessing__vectorizer': CountVectorizer(min_df=7)}"
CountVectorizer(min_df=7),passthrough,50,gini,15,5,5,sqrt,balanced,0.506,0.0734,94,0.7599,0.0083,0.7691,0.7559,0.7668,0.746,0.7616,5.0993,0.3734,"{'model__class_weight': 'balanced', 'model__criterion': 'gini', 'model__max_depth': 15, 'model__max_features': 'sqrt', 'model__min_samples_leaf': 5, 'model__min_samples_split': 5, 'model__n_estimators': 50, 'preprocessing__scaler': 'passthrough', 'preprocessing__vectorizer': CountVectorizer(min_df=7)}"
CountVectorizer(min_df=7),passthrough,50,gini,15,10,5,sqrt,balanced,0.7315,0.1477,94,0.7599,0.0083,0.7691,0.7559,0.7668,0.746,0.7616,6.7522,0.7755,"{'model__class_weight': 'balanced', 'model__criterion': 'gini', 'model__max_depth': 15, 'model__max_features': 'sqrt', 'model__min_samples_leaf': 5, 'model__min_samples_split': 10, 'model__n_estimators': 50, 'preprocessing__scaler': 'passthrough', 'preprocessing__vectorizer': CountVectorizer(min_df=7)}"
CountVectorizer(min_df=7),passthrough,100,gini,15,5,5,sqrt,,0.402,0.0134,96,0.7599,0.0045,0.759,0.7608,0.7657,0.7519,0.762,5.8001,0.0788,"{'model__class_weight': None, 'model__criterion': 'gini', 'model__max_depth': 15, 'model__max_features': 'sqrt', 'model__min_samples_leaf': 5, 'model__min_samples_split': 5, 'model__n_estimators': 100, 'preprocessing__scaler': 'passthrough', 'preprocessing__vectorizer': CountVectorizer(min_df=7)}"
CountVectorizer(min_df=7),passthrough,100,gini,15,10,5,sqrt,,0.4393,0.0145,96,0.7599,0.0045,0.759,0.7608,0.7657,0.7519,0.762,6.0543,0.0248,"{'model__class_weight': None, 'model__criterion': 'gini', 'model__max_depth': 15, 'model__max_features': 'sqrt', 'model__min_samples_leaf': 5, 'model__min_samples_split': 10, 'model__n_estimators': 100, 'preprocessing__scaler': 'passthrough', 'preprocessing__vectorizer': CountVectorizer(min_df=7)}"
TfidfVectorizer(min_df=7),passthrough,100,gini,15,5,5,sqrt,balanced,1.1463,0.2082,98,0.7594,0.0088,0.7756,0.7514,0.7585,0.7518,0.7597,12.2847,0.4099,"{'model__class_weight': 'balanced', 'model__criterion': 'gini', 'model__max_depth': 15, 'model__max_features': 'sqrt', 'model__min_samples_leaf': 5, 'model__min_samples_split': 5, 'model__n_estimators': 100, 'preprocessing__scaler': 'passthrough', 'preprocessing__vectorizer': TfidfVectorizer(min_df=7)}"
TfidfVectorizer(min_df=7),passthrough,100,gini,15,10,5,sqrt,balanced,0.958,0.1002,98,0.7594,0.0088,0.7756,0.7514,0.7585,0.7518,0.7597,14.179,0.3089,"{'model__class_weight': 'balanced', 'model__criterion': 'gini', 'model__max_depth': 15, 'model__max_features': 'sqrt', 'model__min_samples_leaf': 5, 'model__min_samples_split': 10, 'model__n_estimators': 100, 'preprocessing__scaler': 'passthrough', 'preprocessing__vectorizer': TfidfVectorizer(min_df=7)}"
TfidfVectorizer(min_df=7),passthrough,50,gini,15,10,5,sqrt,,0.3487,0.0103,100,0.7593,0.0074,0.7631,0.7522,0.7699,0.7496,0.7615,4.0919,0.0899,"{'model__class_weight': None, 'model__criterion': 'gini', 'model__max_depth': 15, 'model__max_features': 'sqrt', 'model__min_samples_leaf': 5, 'model__min_samples_split': 10, 'model__n_estimators': 50, 'preprocessing__scaler': 'passthrough', 'preprocessing__vectorizer': TfidfVectorizer(min_df=7)}"
TfidfVectorizer(min_df=7),passthrough,50,gini,15,5,5,sqrt,,0.3189,0.0131,100,0.7593,0.0074,0.7631,0.7522,0.7699,0.7496,0.7615,4.6797,0.3241,"{'model__class_weight': None, 'model__criterion': 'gini', 'model__max_depth': 15, 'model__max_features': 'sqrt', 'model__min_samples_leaf': 5, 'model__min_samples_split': 5, 'model__n_estimators': 50, 'preprocessing__scaler': 'passthrough', 'preprocessing__vectorizer': TfidfVectorizer(min_df=7)}"
TfidfVectorizer(min_df=7),passthrough,100,entropy,15,5,5,sqrt,balanced,0.8492,0.0713,102,0.7593,0.0083,0.7735,0.7534,0.759,0.7493,0.761,13.0025,0.147,"{'model__class_weight': 'balanced', 'model__criterion': 'entropy', 'model__max_depth': 15, 'model__max_features': 'sqrt', 'model__min_samples_leaf': 5, 'model__min_samples_split': 5, 'model__n_estimators': 100, 'preprocessing__scaler': 'passthrough', 'preprocessing__vectorizer': TfidfVectorizer(min_df=7)}"
TfidfVectorizer(min_df=7),passthrough,100,entropy,15,10,5,sqrt,balanced,0.7185,0.064,102,0.7593,0.0083,0.7735,0.7534,0.759,0.7493,0.761,11.7932,0.274,"{'model__class_weight': 'balanced', 'model__criterion': 'entropy', 'model__max_depth': 15, 'model__max_features': 'sqrt', 'model__min_samples_leaf': 5, 'model__min_samples_split': 10, 'model__n_estimators': 100, 'preprocessing__scaler': 'passthrough', 'preprocessing__vectorizer': TfidfVectorizer(min_df=7)}"
CountVectorizer(min_df=7),passthrough,50,gini,15,5,2,sqrt,,0.2745,0.0126,104,0.759,0.0047,0.7616,0.7563,0.7625,0.751,0.7634,3.3156,0.3932,"{'model__class_weight': None, 'model__criterion': 'gini', 'model__max_depth': 15, 'model__max_features': 'sqrt', 'model__min_samples_leaf': 2, 'model__min_samples_split': 5, 'model__n_estimators': 50, 'preprocessing__scaler': 'passthrough', 'preprocessing__vectorizer': CountVectorizer(min_df=7)}"
TfidfVectorizer(min_df=7),passthrough,100,entropy,15,5,2,sqrt,,0.8563,0.0628,105,0.7587,0.0048,0.7603,0.7582,0.7662,0.7573,0.7515,16.0304,0.2192,"{'model__class_weight': None, 'model__criterion': 'entropy', 'model__max_depth': 15, 'model__max_features': 'sqrt', 'model__min_samples_leaf': 2, 'model__min_samples_split': 5, 'model__n_estimators': 100, 'preprocessing__scaler': 'passthrough', 'preprocessing__vectorizer': TfidfVectorizer(min_df=7)}"
TfidfVectorizer(min_df=7),passthrough,50,entropy,15,10,5,sqrt,balanced,0.6886,0.1295,106,0.7586,0.0079,0.7697,0.7589,0.764,0.7471,0.7535,7.5709,0.1886,"{'model__class_weight': 'balanced', 'model__criterion': 'entropy', 'model__max_depth': 15, 'model__max_features': 'sqrt', 'model__min_samples_leaf': 5, 'model__min_samples_split': 10, 'model__n_estimators': 50, 'preprocessing__scaler': 'passthrough', 'preprocessing__vectorizer': TfidfVectorizer(min_df=7)}"
TfidfVectorizer(min_df=7),passthrough,50,entropy,15,5,5,sqrt,balanced,0.5361,0.0477,106,0.7586,0.0079,0.7697,0.7589,0.764,0.7471,0.7535,6.7974,0.1826,"{'model__class_weight': 'balanced', 'model__criterion': 'entropy', 'model__max_depth': 15, 'model__max_features': 'sqrt', 'model__min_samples_leaf': 5, 'model__min_samples_split': 5, 'model__n_estimators': 50, 'preprocessing__scaler': 'passthrough', 'preprocessing__vectorizer': TfidfVectorizer(min_df=7)}"
TfidfVectorizer(min_df=7),passthrough,100,entropy,15,10,2,sqrt,,0.9513,0.2084,108,0.7584,0.0037,0.7598,0.758,0.7647,0.7547,0.7548,13.1262,0.4247,"{'model__class_weight': None, 'model__criterion': 'entropy', 'model__max_depth': 15, 'model__max_features': 'sqrt', 'model__min_samples_leaf': 2, 'model__min_samples_split': 10, 'model__n_estimators': 100, 'preprocessing__scaler': 'passthrough', 'preprocessing__vectorizer': TfidfVectorizer(min_df=7)}"
CountVectorizer(min_df=7),passthrough,100,entropy,15,10,5,sqrt,,0.5721,0.0852,109,0.7583,0.004,0.756,0.7593,0.7656,0.7543,0.7563,9.2815,0.1303,"{'model__class_weight': None, 'model__criterion': 'entropy', 'model__max_depth': 15, 'model__max_features': 'sqrt', 'model__min_samples_leaf': 5, 'model__min_samples_split': 10, 'model__n_estimators': 100, 'preprocessing__scaler': 'passthrough', 'preprocessing__vectorizer': CountVectorizer(min_df=7)}"
CountVectorizer(min_df=7),passthrough,100,entropy,15,5,5,sqrt,,0.5358,0.0177,109,0.7583,0.004,0.756,0.7593,0.7656,0.7543,0.7563,9.6921,0.3016,"{'model__class_weight': None, 'model__criterion': 'entropy', 'model__max_depth': 15, 'model__max_features': 'sqrt', 'model__min_samples_leaf': 5, 'model__min_samples_split': 5, 'model__n_estimators': 100, 'preprocessing__scaler': 'passthrough', 'preprocessing__vectorizer': CountVectorizer(min_df=7)}"
CountVectorizer(min_df=7),passthrough,50,entropy,15,5,5,sqrt,balanced,0.4844,0.0369,111,0.7581,0.0089,0.7694,0.7563,0.762,0.7424,0.7606,5.9509,0.4112,"{'model__class_weight': 'balanced', 'model__criterion': 'entropy', 'model__max_depth': 15, 'model__max_features': 'sqrt', 'model__min_samples_leaf': 5, 'model__min_samples_split': 5, 'model__n_estimators': 50, 'preprocessing__scaler': 'passthrough', 'preprocessing__vectorizer': CountVectorizer(min_df=7)}"
CountVectorizer(min_df=7),passthrough,50,entropy,15,10,5,sqrt,balanced,0.5421,0.0972,111,0.7581,0.0089,0.7694,0.7563,0.762,0.7424,0.7606,6.3904,0.1601,"{'model__class_weight': 'balanced', 'model__criterion': 'entropy', 'model__max_depth': 15, 'model__max_features': 'sqrt', 'model__min_samples_leaf': 5, 'model__min_samples_split': 10, 'model__n_estimators': 50, 'preprocessing__scaler': 'passthrough', 'preprocessing__vectorizer': CountVectorizer(min_df=7)}"
CountVectorizer(min_df=7),passthrough,100,gini,15,5,5,sqrt,balanced,0.7222,0.0831,113,0.7579,0.0094,0.7747,0.7482,0.7567,0.7504,0.7595,9.5347,0.0799,"{'model__class_weight': 'balanced', 'model__criterion': 'gini', 'model__max_depth': 15, 'model__max_features': 'sqrt', 'model__min_samples_leaf': 5, 'model__min_samples_split': 5, 'model__n_estimators': 100, 'preprocessing__scaler': 'passthrough', 'preprocessing__vectorizer': CountVectorizer(min_df=7)}"
CountVectorizer(min_df=7),passthrough,100,gini,15,10,5,sqrt,balanced,0.8535,0.1005,113,0.7579,0.0094,0.7747,0.7482,0.7567,0.7504,0.7595,12.2888,0.3297,"{'model__class_weight': 'balanced', 'model__criterion': 'gini', 'model__max_depth': 15, 'model__max_features': 'sqrt', 'model__min_samples_leaf': 5, 'model__min_samples_split': 10, 'model__n_estimators': 100, 'preprocessing__scaler': 'passthrough', 'preprocessing__vectorizer': CountVectorizer(min_df=7)}"
CountVectorizer(min_df=7),passthrough,100,entropy,15,5,5,sqrt,balanced,0.74,0.0765,115,0.7578,0.0106,0.777,0.7476,0.7549,0.7492,0.7605,9.9123,0.0823,"{'model__class_weight': 'balanced', 'model__criterion': 'entropy', 'model__max_depth': 15, 'model__max_features': 'sqrt', 'model__min_samples_leaf': 5, 'model__min_samples_split': 5, 'model__n_estimators': 100, 'preprocessing__scaler': 'passthrough', 'preprocessing__vectorizer': CountVectorizer(min_df=7)}"
CountVectorizer(min_df=7),passthrough,100,entropy,15,10,5,sqrt,balanced,0.6185,0.0687,115,0.7578,0.0106,0.777,0.7476,0.7549,0.7492,0.7605,9.3399,0.2353,"{'model__class_weight': 'balanced', 'model__criterion': 'entropy', 'model__max_depth': 15, 'model__max_features': 'sqrt', 'model__min_samples_leaf': 5, 'model__min_samples_split': 10, 'model__n_estimators': 100, 'preprocessing__scaler': 'passthrough', 'preprocessing__vectorizer': CountVectorizer(min_df=7)}"
TfidfVectorizer(min_df=7),passthrough,100,entropy,15,5,5,sqrt,,0.784,0.1244,117,0.7575,0.0035,0.7566,0.7588,0.7635,0.753,0.7557,11.5719,0.2046,"{'model__class_weight': None, 'model__criterion': 'entropy', 'model__max_depth': 15, 'model__max_features': 'sqrt', 'model__min_samples_leaf': 5, 'model__min_samples_split': 5, 'model__n_estimators': 100, 'preprocessing__scaler': 'passthrough', 'preprocessing__vectorizer': TfidfVectorizer(min_df=7)}"
TfidfVectorizer(min_df=7),passthrough,100,entropy,15,10,5,sqrt,,0.5369,0.0209,117,0.7575,0.0035,0.7566,0.7588,0.7635,0.753,0.7557,10.7993,0.2241,"{'model__class_weight': None, 'model__criterion': 'entropy', 'model__max_depth': 15, 'model__max_features': 'sqrt', 'model__min_samples_leaf': 5, 'model__min_samples_split': 10, 'model__n_estimators': 100, 'preprocessing__scaler': 'passthrough', 'preprocessing__vectorizer': TfidfVectorizer(min_df=7)}"
CountVectorizer(min_df=7),passthrough,50,entropy,15,10,2,sqrt,,0.5929,0.0604,119,0.7574,0.0043,0.7589,0.7564,0.7636,0.7503,0.7578,7.6816,0.337,"{'model__class_weight': None, 'model__criterion': 'entropy', 'model__max_depth': 15, 'model__max_features': 'sqrt', 'model__min_samples_leaf': 2, 'model__min_samples_split': 10, 'model__n_estimators': 50, 'preprocessing__scaler': 'passthrough', 'preprocessing__vectorizer': CountVectorizer(min_df=7)}"
CountVectorizer(min_df=7),passthrough,50,entropy,15,5,2,sqrt,,0.622,0.1546,120,0.7573,0.0022,0.7588,0.7567,0.7608,0.7549,0.7554,5.8475,0.2651,"{'model__class_weight': None, 'model__criterion': 'entropy', 'model__max_depth': 15, 'model__max_features': 'sqrt', 'model__min_samples_leaf': 2, 'model__min_samples_split': 5, 'model__n_estimators': 50, 'preprocessing__scaler': 'passthrough', 'preprocessing__vectorizer': CountVectorizer(min_df=7)}"
TfidfVectorizer(min_df=7),passthrough,50,entropy,15,10,5,sqrt,,0.6315,0.1292,121,0.757,0.0064,0.7617,0.7493,0.7668,0.7552,0.7522,6.7705,0.174,"{'model__class_weight': None, 'model__criterion': 'entropy', 'model__max_depth': 15, 'model__max_features': 'sqrt', 'model__min_samples_leaf': 5, 'model__min_samples_split': 10, 'model__n_estimators': 50, 'preprocessing__scaler': 'passthrough', 'preprocessing__vectorizer': TfidfVectorizer(min_df=7)}"
TfidfVectorizer(min_df=7),passthrough,50,entropy,15,5,5,sqrt,,0.7262,0.1374,121,0.757,0.0064,0.7617,0.7493,0.7668,0.7552,0.7522,8.2284,0.3119,"{'model__class_weight': None, 'model__criterion': 'entropy', 'model__max_depth': 15, 'model__max_features': 'sqrt', 'model__min_samples_leaf': 5, 'model__min_samples_split': 5, 'model__n_estimators': 50, 'preprocessing__scaler': 'passthrough', 'preprocessing__vectorizer': TfidfVectorizer(min_df=7)}"
TfidfVectorizer(min_df=7),passthrough,50,entropy,15,5,2,sqrt,,0.7832,0.0971,123,0.7567,0.007,0.7584,0.7518,0.7684,0.757,0.7478,8.012,0.3722,"{'model__class_weight': None, 'model__criterion': 'entropy', 'model__max_depth': 15, 'model__max_features': 'sqrt', 'model__min_samples_leaf': 2, 'model__min_samples_split': 5, 'model__n_estimators': 50, 'preprocessing__scaler': 'passthrough', 'preprocessing__vectorizer': TfidfVectorizer(min_df=7)}"
TfidfVectorizer(min_df=7),passthrough,50,entropy,15,10,2,sqrt,,0.647,0.1232,124,0.7565,0.0044,0.7611,0.7524,0.7622,0.7554,0.7515,8.3081,0.163,"{'model__class_weight': None, 'model__criterion': 'entropy', 'model__max_depth': 15, 'model__max_features': 'sqrt', 'model__min_samples_leaf': 2, 'model__min_samples_split': 10, 'model__n_estimators': 50, 'preprocessing__scaler': 'passthrough', 'preprocessing__vectorizer': TfidfVectorizer(min_df=7)}"
CountVectorizer(min_df=7),passthrough,50,gini,15,5,5,sqrt,,0.3749,0.0245,125,0.756,0.003,0.7569,0.752,0.7598,0.7531,0.7581,4.0608,0.563,"{'model__class_weight': None, 'model__criterion': 'gini', 'model__max_depth': 15, 'model__max_features': 'sqrt', 'model__min_samples_leaf': 5, 'model__min_samples_split': 5, 'model__n_estimators': 50, 'preprocessing__scaler': 'passthrough', 'preprocessing__vectorizer': CountVectorizer(min_df=7)}"
CountVectorizer(min_df=7),passthrough,50,gini,15,10,5,sqrt,,0.344,0.0091,125,0.756,0.003,0.7569,0.752,0.7598,0.7531,0.7581,3.4262,0.0611,"{'model__class_weight': None, 'model__criterion': 'gini', 'model__max_depth': 15, 'model__max_features': 'sqrt', 'model__min_samples_leaf': 5, 'model__min_samples_split': 10, 'model__n_estimators': 50, 'preprocessing__scaler': 'passthrough', 'preprocessing__vectorizer': CountVectorizer(min_df=7)}"
CountVectorizer(min_df=7),passthrough,50,entropy,15,5,5,sqrt,,0.6625,0.1694,127,0.7553,0.0058,0.7565,0.7536,0.7652,0.7475,0.7538,5.748,0.5174,"{'model__class_weight': None, 'model__criterion': 'entropy', 'model__max_depth': 15, 'model__max_features': 'sqrt', 'model__min_samples_leaf': 5, 'model__min_samples_split': 5, 'model__n_estimators': 50, 'preprocessing__scaler': 'passthrough', 'preprocessing__vectorizer': CountVectorizer(min_df=7)}"
CountVectorizer(min_df=7),passthrough,50,entropy,15,10,5,sqrt,,0.5096,0.0903,127,0.7553,0.0058,0.7565,0.7536,0.7652,0.7475,0.7538,5.2769,0.4878,"{'model__class_weight': None, 'model__criterion': 'entropy', 'model__max_depth': 15, 'model__max_features': 'sqrt', 'model__min_samples_leaf': 5, 'model__min_samples_split': 10, 'model__n_estimators': 50, 'preprocessing__scaler': 'passthrough', 'preprocessing__vectorizer': CountVectorizer(min_df=7)}"
TfidfVectorizer(min_df=7),passthrough,50,gini,7,10,2,sqrt,balanced,0.5245,0.0585,129,0.7491,0.0152,0.7632,0.7469,0.7696,0.7312,0.7345,3.8086,0.1923,"{'model__class_weight': 'balanced', 'model__criterion': 'gini', 'model__max_depth': 7, 'model__max_features': 'sqrt', 'model__min_samples_leaf': 2, 'model__min_samples_split': 10, 'model__n_estimators': 50, 'preprocessing__scaler': 'passthrough', 'preprocessing__vectorizer': TfidfVectorizer(min_df=7)}"
TfidfVectorizer(min_df=7),passthrough,50,gini,7,10,5,sqrt,balanced,0.6222,0.0957,130,0.7481,0.0144,0.7579,0.7492,0.7689,0.7311,0.7334,4.3148,0.0864,"{'model__class_weight': 'balanced', 'model__criterion': 'gini', 'model__max_depth': 7, 'model__max_features': 'sqrt', 'model__min_samples_leaf': 5, 'model__min_samples_split': 10, 'model__n_estimators': 50, 'preprocessing__scaler': 'passthrough', 'preprocessing__vectorizer': TfidfVectorizer(min_df=7)}"
TfidfVectorizer(min_df=7),passthrough,50,gini,7,5,5,sqrt,balanced,0.6975,0.181,130,0.7481,0.0144,0.7579,0.7492,0.7689,0.7311,0.7334,4.2129,0.3909,"{'model__class_weight': 'balanced', 'model__criterion': 'gini', 'model__max_depth': 7, 'model__max_features': 'sqrt', 'model__min_samples_leaf': 5, 'model__min_samples_split': 5, 'model__n_estimators': 50, 'preprocessing__scaler': 'passthrough', 'preprocessing__vectorizer': TfidfVectorizer(min_df=7)}"
TfidfVectorizer(min_df=7),passthrough,50,gini,7,5,2,sqrt,balanced,0.5693,0.1672,132,0.7472,0.0166,0.7608,0.7455,0.7708,0.7271,0.7319,4.2805,0.0845,"{'model__class_weight': 'balanced', 'model__criterion': 'gini', 'model__max_depth': 7, 'model__max_features': 'sqrt', 'model__min_samples_leaf': 2, 'model__min_samples_split': 5, 'model__n_estimators': 50, 'preprocessing__scaler': 'passthrough', 'preprocessing__vectorizer': TfidfVectorizer(min_df=7)}"
CountVectorizer(min_df=7),passthrough,50,gini,7,5,2,sqrt,balanced,0.5462,0.1316,133,0.7468,0.0116,0.7567,0.7407,0.7642,0.734,0.7382,3.4188,0.2678,"{'model__class_weight': 'balanced', 'model__criterion': 'gini', 'model__max_depth': 7, 'model__max_features': 'sqrt', 'model__min_samples_leaf': 2, 'model__min_samples_split': 5, 'model__n_estimators': 50, 'preprocessing__scaler': 'passthrough', 'preprocessing__vectorizer': CountVectorizer(min_df=7)}"
CountVectorizer(min_df=7),passthrough,50,entropy,7,10,2,sqrt,balanced,0.4386,0.0172,134,0.7465,0.0087,0.7552,0.7472,0.7564,0.7335,0.7402,3.1839,0.1033,"{'model__class_weight': 'balanced', 'model__criterion': 'entropy', 'model__max_depth': 7, 'model__max_features': 'sqrt', 'model__min_samples_leaf': 2, 'model__min_samples_split': 10, 'model__n_estimators': 50, 'preprocessing__scaler': 'passthrough', 'preprocessing__vectorizer': CountVectorizer(min_df=7)}"
TfidfVectorizer(min_df=7),passthrough,50,entropy,7,5,2,sqrt,balanced,0.4098,0.0101,135,0.7463,0.0124,0.7592,0.745,0.7616,0.7337,0.7319,3.6893,0.0293,"{'model__class_weight': 'balanced', 'model__criterion': 'entropy', 'model__max_depth': 7, 'model__max_features': 'sqrt', 'model__min_samples_leaf': 2, 'model__min_samples_split': 5, 'model__n_estimators': 50, 'preprocessing__scaler': 'passthrough', 'preprocessing__vectorizer': TfidfVectorizer(min_df=7)}"
TfidfVectorizer(min_df=7),passthrough,50,entropy,7,10,5,sqrt,balanced,0.3808,0.0112,136,0.7462,0.0138,0.7594,0.747,0.7633,0.7322,0.7292,3.219,0.0897,"{'model__class_weight': 'balanced', 'model__criterion': 'entropy', 'model__max_depth': 7, 'model__max_features': 'sqrt', 'model__min_samples_leaf': 5, 'model__min_samples_split': 10, 'model__n_estimators': 50, 'preprocessing__scaler': 'passthrough', 'preprocessing__vectorizer': TfidfVectorizer(min_df=7)}"
TfidfVectorizer(min_df=7),passthrough,50,entropy,7,5,5,sqrt,balanced,0.42,0.0166,136,0.7462,0.0138,0.7594,0.747,0.7633,0.7322,0.7292,3.6387,0.0435,"{'model__class_weight': 'balanced', 'model__criterion': 'entropy', 'model__max_depth': 7, 'model__max_features': 'sqrt', 'model__min_samples_leaf': 5, 'model__min_samples_split': 5, 'model__n_estimators': 50, 'preprocessing__scaler': 'passthrough', 'preprocessing__vectorizer': TfidfVectorizer(min_df=7)}"
CountVectorizer(min_df=7),passthrough,50,gini,7,10,2,sqrt,balanced,0.4778,0.0261,138,0.7459,0.0112,0.7572,0.7421,0.7604,0.7309,0.7391,3.6795,0.4943,"{'model__class_weight': 'balanced', 'model__criterion': 'gini', 'model__max_depth': 7, 'model__max_features': 'sqrt', 'model__min_samples_leaf': 2, 'model__min_samples_split': 10, 'model__n_estimators': 50, 'preprocessing__scaler': 'passthrough', 'preprocessing__vectorizer': CountVectorizer(min_df=7)}"
TfidfVectorizer(min_df=7),passthrough,50,entropy,7,10,2,sqrt,balanced,0.4256,0.0329,139,0.7459,0.0118,0.7581,0.7462,0.7597,0.7342,0.7312,3.6668,0.067,"{'model__class_weight': 'balanced', 'model__criterion': 'entropy', 'model__max_depth': 7, 'model__max_features': 'sqrt', 'model__min_samples_leaf': 2, 'model__min_samples_split': 10, 'model__n_estimators': 50, 'preprocessing__scaler': 'passthrough', 'preprocessing__vectorizer': TfidfVectorizer(min_df=7)}"
CountVectorizer(min_df=7),passthrough,50,entropy,7,5,2,sqrt,balanced,0.4325,0.0298,140,0.7457,0.0082,0.7543,0.7416,0.7568,0.7369,0.7388,3.2837,0.1665,"{'model__class_weight': 'balanced', 'model__criterion': 'entropy', 'model__max_depth': 7, 'model__max_features': 'sqrt', 'model__min_samples_leaf': 2, 'model__min_samples_split': 5, 'model__n_estimators': 50, 'preprocessing__scaler': 'passthrough', 'preprocessing__vectorizer': CountVectorizer(min_df=7)}"
CountVectorizer(min_df=7),passthrough,50,entropy,7,10,5,sqrt,balanced,0.4013,0.05,141,0.7457,0.0097,0.7581,0.7457,0.7546,0.733,0.7371,2.8869,0.0954,"{'model__class_weight': 'balanced', 'model__criterion': 'entropy', 'model__max_depth': 7, 'model__max_features': 'sqrt', 'model__min_samples_leaf': 5, 'model__min_samples_split': 10, 'model__n_estimators': 50, 'preprocessing__scaler': 'passthrough', 'preprocessing__vectorizer': CountVectorizer(min_df=7)}"
CountVectorizer(min_df=7),passthrough,50,entropy,7,5,5,sqrt,balanced,0.4446,0.0255,141,0.7457,0.0097,0.7581,0.7457,0.7546,0.733,0.7371,3.0442,0.0935,"{'model__class_weight': 'balanced', 'model__criterion': 'entropy', 'model__max_depth': 7, 'model__max_features': 'sqrt', 'model__min_samples_leaf': 5, 'model__min_samples_split': 5, 'model__n_estimators': 50, 'preprocessing__scaler': 'passthrough', 'preprocessing__vectorizer': CountVectorizer(min_df=7)}"
CountVectorizer(min_df=7),passthrough,50,gini,7,10,5,sqrt,balanced,0.5247,0.0274,143,0.745,0.0121,0.7532,0.742,0.7636,0.7298,0.7362,3.5507,0.1873,"{'model__class_weight': 'balanced', 'model__criterion': 'gini', 'model__max_depth': 7, 'model__max_features': 'sqrt', 'model__min_samples_leaf': 5, 'model__min_samples_split': 10, 'model__n_estimators': 50, 'preprocessing__scaler': 'passthrough', 'preprocessing__vectorizer': CountVectorizer(min_df=7)}"
CountVectorizer(min_df=7),passthrough,50,gini,7,5,5,sqrt,balanced,0.5142,0.0811,143,0.745,0.0121,0.7532,0.742,0.7636,0.7298,0.7362,4.1768,0.5339,"{'model__class_weight': 'balanced', 'model__criterion': 'gini', 'model__max_depth': 7, 'model__max_features': 'sqrt', 'model__min_samples_leaf': 5, 'model__min_samples_split': 5, 'model__n_estimators': 50, 'preprocessing__scaler': 'passthrough', 'preprocessing__vectorizer': CountVectorizer(min_df=7)}"
CountVectorizer(min_df=7),passthrough,100,gini,7,5,2,sqrt,balanced,0.5984,0.0242,145,0.7448,0.0105,0.7602,0.7368,0.7545,0.7345,0.7379,6.781,0.0658,"{'model__class_weight': 'balanced', 'model__criterion': 'gini', 'model__max_depth': 7, 'model__max_features': 'sqrt', 'model__min_samples_leaf': 2, 'model__min_samples_split': 5, 'model__n_estimators': 100, 'preprocessing__scaler': 'passthrough', 'preprocessing__vectorizer': CountVectorizer(min_df=7)}"
CountVectorizer(min_df=7),passthrough,100,entropy,7,10,2,sqrt,balanced,0.5331,0.0253,146,0.7444,0.0102,0.7588,0.7381,0.7544,0.7337,0.737,4.6642,0.0436,"{'model__class_weight': 'balanced', 'model__criterion': 'entropy', 'model__max_depth': 7, 'model__max_features': 'sqrt', 'model__min_samples_leaf': 2, 'model__min_samples_split': 10, 'model__n_estimators': 100, 'preprocessing__scaler': 'passthrough', 'preprocessing__vectorizer': CountVectorizer(min_df=7)}"
TfidfVectorizer(min_df=7),passthrough,100,gini,7,5,5,sqrt,balanced,0.6372,0.0157,147,0.7442,0.0126,0.7607,0.7357,0.7577,0.7296,0.737,7.6679,0.2185,"{'model__class_weight': 'balanced', 'model__criterion': 'gini', 'model__max_depth': 7, 'model__max_features': 'sqrt', 'model__min_samples_leaf': 5, 'model__min_samples_split': 5, 'model__n_estimators': 100, 'preprocessing__scaler': 'passthrough', 'preprocessing__vectorizer': TfidfVectorizer(min_df=7)}"
TfidfVectorizer(min_df=7),passthrough,100,gini,7,10,5,sqrt,balanced,0.7884,0.2043,147,0.7442,0.0126,0.7607,0.7357,0.7577,0.7296,0.737,8.8746,0.1748,"{'model__class_weight': 'balanced', 'model__criterion': 'gini', 'model__max_depth': 7, 'model__max_features': 'sqrt', 'model__min_samples_leaf': 5, 'model__min_samples_split': 10, 'model__n_estimators': 100, 'preprocessing__scaler': 'passthrough', 'preprocessing__vectorizer': TfidfVectorizer(min_df=7)}"
TfidfVectorizer(min_df=7),passthrough,100,gini,7,10,2,sqrt,balanced,0.5497,0.0084,149,0.7441,0.0103,0.7602,0.7374,0.7522,0.7335,0.7369,8.0707,0.0549,"{'model__class_weight': 'balanced', 'model__criterion': 'gini', 'model__max_depth': 7, 'model__max_features': 'sqrt', 'model__min_samples_leaf': 2, 'model__min_samples_split': 10, 'model__n_estimators': 100, 'preprocessing__scaler': 'passthrough', 'preprocessing__vectorizer': TfidfVectorizer(min_df=7)}"
CountVectorizer(min_df=7),passthrough,100,entropy,7,5,2,sqrt,balanced,0.5798,0.07,150,0.7438,0.0093,0.7578,0.7378,0.7518,0.7373,0.7341,4.5709,0.1517,"{'model__class_weight': 'balanced', 'model__criterion': 'entropy', 'model__max_depth': 7, 'model__max_features': 'sqrt', 'model__min_samples_leaf': 2, 'model__min_samples_split': 5, 'model__n_estimators': 100, 'preprocessing__scaler': 'passthrough', 'preprocessing__vectorizer': CountVectorizer(min_df=7)}"
CountVectorizer(min_df=7),passthrough,100,gini,7,10,2,sqrt,balanced,1.0324,0.1734,151,0.7435,0.0092,0.756,0.7373,0.7532,0.7355,0.7354,5.8816,0.3354,"{'model__class_weight': 'balanced', 'model__criterion': 'gini', 'model__max_depth': 7, 'model__max_features': 'sqrt', 'model__min_samples_leaf': 2, 'model__min_samples_split': 10, 'model__n_estimators': 100, 'preprocessing__scaler': 'passthrough', 'preprocessing__vectorizer': CountVectorizer(min_df=7)}"
CountVectorizer(min_df=7),passthrough,100,entropy,7,5,5,sqrt,balanced,0.4521,0.0135,152,0.7433,0.0099,0.7572,0.7368,0.7534,0.7354,0.734,4.555,0.0584,"{'model__class_weight': 'balanced', 'model__criterion': 'entropy', 'model__max_depth': 7, 'model__max_features': 'sqrt', 'model__min_samples_leaf': 5, 'model__min_samples_split': 5, 'model__n_estimators': 100, 'preprocessing__scaler': 'passthrough', 'preprocessing__vectorizer': CountVectorizer(min_df=7)}"
CountVectorizer(min_df=7),passthrough,100,entropy,7,10,5,sqrt,balanced,0.4448,0.0108,152,0.7433,0.0099,0.7572,0.7368,0.7534,0.7354,0.734,3.9503,0.0478,"{'model__class_weight': 'balanced', 'model__criterion': 'entropy', 'model__max_depth': 7, 'model__max_features': 'sqrt', 'model__min_samples_leaf': 5, 'model__min_samples_split': 10, 'model__n_estimators': 100, 'preprocessing__scaler': 'passthrough', 'preprocessing__vectorizer': CountVectorizer(min_df=7)}"
TfidfVectorizer(min_df=7),passthrough,100,entropy,7,5,5,sqrt,balanced,0.4777,0.0409,154,0.7427,0.0096,0.7566,0.7381,0.7515,0.7347,0.7324,5.7264,0.0418,"{'model__class_weight': 'balanced', 'model__criterion': 'entropy', 'model__max_depth': 7, 'model__max_features': 'sqrt', 'model__min_samples_leaf': 5, 'model__min_samples_split': 5, 'model__n_estimators': 100, 'preprocessing__scaler': 'passthrough', 'preprocessing__vectorizer': TfidfVectorizer(min_df=7)}"
TfidfVectorizer(min_df=7),passthrough,100,entropy,7,10,5,sqrt,balanced,0.4574,0.0312,154,0.7427,0.0096,0.7566,0.7381,0.7515,0.7347,0.7324,5.0674,0.049,"{'model__class_weight': 'balanced', 'model__criterion': 'entropy', 'model__max_depth': 7, 'model__max_features': 'sqrt', 'model__min_samples_leaf': 5, 'model__min_samples_split': 10, 'model__n_estimators': 100, 'preprocessing__scaler': 'passthrough', 'preprocessing__vectorizer': TfidfVectorizer(min_df=7)}"
TfidfVectorizer(min_df=7),passthrough,100,gini,7,5,2,sqrt,balanced,0.6279,0.0681,156,0.7426,0.0119,0.7603,0.7327,0.7534,0.7329,0.7335,7.4539,0.169,"{'model__class_weight': 'balanced', 'model__criterion': 'gini', 'model__max_depth': 7, 'model__max_features': 'sqrt', 'model__min_samples_leaf': 2, 'model__min_samples_split': 5, 'model__n_estimators': 100, 'preprocessing__scaler': 'passthrough', 'preprocessing__vectorizer': TfidfVectorizer(min_df=7)}"
TfidfVectorizer(min_df=7),passthrough,100,entropy,7,5,2,sqrt,balanced,0.5094,0.0253,157,0.7424,0.0101,0.7576,0.7355,0.751,0.7311,0.7368,6.1393,0.0574,"{'model__class_weight': 'balanced', 'model__criterion': 'entropy', 'model__max_depth': 7, 'model__max_features': 'sqrt', 'model__min_samples_leaf': 2, 'model__min_samples_split': 5, 'model__n_estimators': 100, 'preprocessing__scaler': 'passthrough', 'preprocessing__vectorizer': TfidfVectorizer(min_df=7)}"
TfidfVectorizer(min_df=7),passthrough,100,entropy,7,10,2,sqrt,balanced,0.5356,0.0148,158,0.7422,0.0091,0.7548,0.7362,0.751,0.7315,0.7373,6.0936,0.0664,"{'model__class_weight': 'balanced', 'model__criterion': 'entropy', 'model__max_depth': 7, 'model__max_features': 'sqrt', 'model__min_samples_leaf': 2, 'model__min_samples_split': 10, 'model__n_estimators': 100, 'preprocessing__scaler': 'passthrough', 'preprocessing__vectorizer': TfidfVectorizer(min_df=7)}"
CountVectorizer(min_df=7),passthrough,100,gini,7,5,5,sqrt,balanced,0.6093,0.116,159,0.7409,0.0095,0.7535,0.7351,0.7511,0.7313,0.7332,6.843,0.1129,"{'model__class_weight': 'balanced', 'model__criterion': 'gini', 'model__max_depth': 7, 'model__max_features': 'sqrt', 'model__min_samples_leaf': 5, 'model__min_samples_split': 5, 'model__n_estimators': 100, 'preprocessing__scaler': 'passthrough', 'preprocessing__vectorizer': CountVectorizer(min_df=7)}"
CountVectorizer(min_df=7),passthrough,100,gini,7,10,5,sqrt,balanced,0.7864,0.1626,159,0.7409,0.0095,0.7535,0.7351,0.7511,0.7313,0.7332,6.0407,0.0635,"{'model__class_weight': 'balanced', 'model__criterion': 'gini', 'model__max_depth': 7, 'model__max_features': 'sqrt', 'model__min_samples_leaf': 5, 'model__min_samples_split': 10, 'model__n_estimators': 100, 'preprocessing__scaler': 'passthrough', 'preprocessing__vectorizer': CountVectorizer(min_df=7)}"
TfidfVectorizer(min_df=7),passthrough,100,gini,7,5,2,sqrt,,0.3094,0.02,161,0.6914,0.0028,0.6893,0.6956,0.6912,0.6876,0.6934,3.8868,0.0448,"{'model__class_weight': None, 'model__criterion': 'gini', 'model__max_depth': 7, 'model__max_features': 'sqrt', 'model__min_samples_leaf': 2, 'model__min_samples_split': 5, 'model__n_estimators': 100, 'preprocessing__scaler': 'passthrough', 'preprocessing__vectorizer': TfidfVectorizer(min_df=7)}"
TfidfVectorizer(min_df=7),passthrough,100,gini,7,10,2,sqrt,,0.5074,0.023,162,0.691,0.0022,0.6919,0.6941,0.6893,0.6878,0.692,4.3657,0.2933,"{'model__class_weight': None, 'model__criterion': 'gini', 'model__max_depth': 7, 'model__max_features': 'sqrt', 'model__min_samples_leaf': 2, 'model__min_samples_split': 10, 'model__n_estimators': 100, 'preprocessing__scaler': 'passthrough', 'preprocessing__vectorizer': TfidfVectorizer(min_df=7)}"
TfidfVectorizer(min_df=7),passthrough,100,gini,7,5,5,sqrt,,0.5331,0.1587,163,0.6907,0.0013,0.6907,0.692,0.6885,0.6901,0.692,4.7143,0.216,"{'model__class_weight': None, 'model__criterion': 'gini', 'model__max_depth': 7, 'model__max_features': 'sqrt', 'model__min_samples_leaf': 5, 'model__min_samples_split': 5, 'model__n_estimators': 100, 'preprocessing__scaler': 'passthrough', 'preprocessing__vectorizer': TfidfVectorizer(min_df=7)}"
TfidfVectorizer(min_df=7),passthrough,100,gini,7,10,5,sqrt,,0.3151,0.0123,163,0.6907,0.0013,0.6907,0.692,0.6885,0.6901,0.692,4.7201,0.256,"{'model__class_weight': None, 'model__criterion': 'gini', 'model__max_depth': 7, 'model__max_features': 'sqrt', 'model__min_samples_leaf': 5, 'model__min_samples_split': 10, 'model__n_estimators': 100, 'preprocessing__scaler': 'passthrough', 'preprocessing__vectorizer': TfidfVectorizer(min_df=7)}"
CountVectorizer(min_df=7),passthrough,100,gini,7,5,2,sqrt,,0.3109,0.034,165,0.689,0.0032,0.6909,0.6917,0.69,0.6827,0.6895,3.1579,0.0494,"{'model__class_weight': None, 'model__criterion': 'gini', 'model__max_depth': 7, 'model__max_features': 'sqrt', 'model__min_samples_leaf': 2, 'model__min_samples_split': 5, 'model__n_estimators': 100, 'preprocessing__scaler': 'passthrough', 'preprocessing__vectorizer': CountVectorizer(min_df=7)}"
TfidfVectorizer(min_df=7),passthrough,100,entropy,7,10,5,sqrt,,0.5712,0.0586,166,0.6881,0.0062,0.6819,0.6873,0.6902,0.6822,0.6989,7.25,0.1636,"{'model__class_weight': None, 'model__criterion': 'entropy', 'model__max_depth': 7, 'model__max_features': 'sqrt', 'model__min_samples_leaf': 5, 'model__min_samples_split': 10, 'model__n_estimators': 100, 'preprocessing__scaler': 'passthrough', 'preprocessing__vectorizer': TfidfVectorizer(min_df=7)}"
TfidfVectorizer(min_df=7),passthrough,100,entropy,7,5,5,sqrt,,0.4002,0.0407,166,0.6881,0.0062,0.6819,0.6873,0.6902,0.6822,0.6989,4.6196,0.0771,"{'model__class_weight': None, 'model__criterion': 'entropy', 'model__max_depth': 7, 'model__max_features': 'sqrt', 'model__min_samples_leaf': 5, 'model__min_samples_split': 5, 'model__n_estimators': 100, 'preprocessing__scaler': 'passthrough', 'preprocessing__vectorizer': TfidfVectorizer(min_df=7)}"
CountVectorizer(min_df=7),passthrough,100,gini,7,10,2,sqrt,,0.3246,0.0097,168,0.6878,0.0026,0.6899,0.6881,0.691,0.6836,0.6861,2.8103,0.0201,"{'model__class_weight': None, 'model__criterion': 'gini', 'model__max_depth': 7, 'model__max_features': 'sqrt', 'model__min_samples_leaf': 2, 'model__min_samples_split': 10, 'model__n_estimators': 100, 'preprocessing__scaler': 'passthrough', 'preprocessing__vectorizer': CountVectorizer(min_df=7)}"
TfidfVectorizer(min_df=7),passthrough,100,entropy,7,10,2,sqrt,,0.4208,0.1103,169,0.6871,0.0078,0.6804,0.6821,0.6935,0.6803,0.6993,5.311,0.0851,"{'model__class_weight': None, 'model__criterion': 'entropy', 'model__max_depth': 7, 'model__max_features': 'sqrt', 'model__min_samples_leaf': 2, 'model__min_samples_split': 10, 'model__n_estimators': 100, 'preprocessing__scaler': 'passthrough', 'preprocessing__vectorizer': TfidfVectorizer(min_df=7)}"
CountVectorizer(min_df=7),passthrough,100,gini,7,10,5,sqrt,,0.3464,0.0539,170,0.6871,0.0036,0.6863,0.6891,0.6906,0.6803,0.689,5.348,0.5218,"{'model__class_weight': None, 'model__criterion': 'gini', 'model__max_depth': 7, 'model__max_features': 'sqrt', 'model__min_samples_leaf': 5, 'model__min_samples_split': 10, 'model__n_estimators': 100, 'preprocessing__scaler': 'passthrough', 'preprocessing__vectorizer': CountVectorizer(min_df=7)}"
CountVectorizer(min_df=7),passthrough,100,gini,7,5,5,sqrt,,0.3566,0.038,170,0.6871,0.0036,0.6863,0.6891,0.6906,0.6803,0.689,4.5103,0.1471,"{'model__class_weight': None, 'model__criterion': 'gini', 'model__max_depth': 7, 'model__max_features': 'sqrt', 'model__min_samples_leaf': 5, 'model__min_samples_split': 5, 'model__n_estimators': 100, 'preprocessing__scaler': 'passthrough', 'preprocessing__vectorizer': CountVectorizer(min_df=7)}"
TfidfVectorizer(min_df=7),passthrough,100,entropy,7,5,2,sqrt,,0.412,0.0189,172,0.6869,0.0073,0.6788,0.6857,0.6917,0.68,0.6984,4.5318,0.0807,"{'model__class_weight': None, 'model__criterion': 'entropy', 'model__max_depth': 7, 'model__max_features': 'sqrt', 'model__min_samples_leaf': 2, 'model__min_samples_split': 5, 'model__n_estimators': 100, 'preprocessing__scaler': 'passthrough', 'preprocessing__vectorizer': TfidfVectorizer(min_df=7)}"
CountVectorizer(min_df=7),passthrough,100,entropy,7,5,2,sqrt,,0.4087,0.0182,173,0.6868,0.0068,0.6818,0.6853,0.6934,0.6778,0.6957,3.7685,0.3859,"{'model__class_weight': None, 'model__criterion': 'entropy', 'model__max_depth': 7, 'model__max_features': 'sqrt', 'model__min_samples_leaf': 2, 'model__min_samples_split': 5, 'model__n_estimators': 100, 'preprocessing__scaler': 'passthrough', 'preprocessing__vectorizer': CountVectorizer(min_df=7)}"
CountVectorizer(min_df=7),passthrough,100,entropy,7,10,2,sqrt,,0.7003,0.1361,174,0.6864,0.0045,0.6808,0.687,0.6936,0.6825,0.6881,3.8755,0.2118,"{'model__class_weight': None, 'model__criterion': 'entropy', 'model__max_depth': 7, 'model__max_features': 'sqrt', 'model__min_samples_leaf': 2, 'model__min_samples_split': 10, 'model__n_estimators': 100, 'preprocessing__scaler': 'passthrough', 'preprocessing__vectorizer': CountVectorizer(min_df=7)}"
CountVectorizer(min_df=7),passthrough,100,entropy,7,5,5,sqrt,,0.4053,0.0372,175,0.6843,0.0059,0.6811,0.6832,0.6925,0.6758,0.6891,3.4902,0.1196,"{'model__class_weight': None, 'model__criterion': 'entropy', 'model__max_depth': 7, 'model__max_features': 'sqrt', 'model__min_samples_leaf': 5, 'model__min_samples_split': 5, 'model__n_estimators': 100, 'preprocessing__scaler': 'passthrough', 'preprocessing__vectorizer': CountVectorizer(min_df=7)}"
CountVectorizer(min_df=7),passthrough,100,entropy,7,10,5,sqrt,,0.6609,0.1577,175,0.6843,0.0059,0.6811,0.6832,0.6925,0.6758,0.6891,5.4525,0.4003,"{'model__class_weight': None, 'model__criterion': 'entropy', 'model__max_depth': 7, 'model__max_features': 'sqrt', 'model__min_samples_leaf': 5, 'model__min_samples_split': 10, 'model__n_estimators': 100, 'preprocessing__scaler': 'passthrough', 'preprocessing__vectorizer': CountVectorizer(min_df=7)}"
TfidfVectorizer(min_df=7),passthrough,50,gini,7,5,2,sqrt,,0.26,0.0078,177,0.683,0.0103,0.7004,0.6689,0.6778,0.6842,0.6838,2.5316,0.0392,"{'model__class_weight': None, 'model__criterion': 'gini', 'model__max_depth': 7, 'model__max_features': 'sqrt', 'model__min_samples_leaf': 2, 'model__min_samples_split': 5, 'model__n_estimators': 50, 'preprocessing__scaler': 'passthrough', 'preprocessing__vectorizer': TfidfVectorizer(min_df=7)}"
TfidfVectorizer(min_df=7),passthrough,50,gini,7,10,2,sqrt,,0.2791,0.013,178,0.6818,0.0105,0.6976,0.6667,0.6748,0.6856,0.6845,2.1437,0.0202,"{'model__class_weight': None, 'model__criterion': 'gini', 'model__max_depth': 7, 'model__max_features': 'sqrt', 'model__min_samples_leaf': 2, 'model__min_samples_split': 10, 'model__n_estimators': 50, 'preprocessing__scaler': 'passthrough', 'preprocessing__vectorizer': TfidfVectorizer(min_df=7)}"
TfidfVectorizer(min_df=7),passthrough,50,gini,7,10,5,sqrt,,0.4213,0.0863,179,0.68,0.0129,0.6979,0.6608,0.6709,0.684,0.6864,4.2927,0.0828,"{'model__class_weight': None, 'model__criterion': 'gini', 'model__max_depth': 7, 'model__max_features': 'sqrt', 'model__min_samples_leaf': 5, 'model__min_samples_split': 10, 'model__n_estimators': 50, 'preprocessing__scaler': 'passthrough', 'preprocessing__vectorizer': TfidfVectorizer(min_df=7)}"
TfidfVectorizer(min_df=7),passthrough,50,gini,7,5,5,sqrt,,0.3781,0.139,179,0.68,0.0129,0.6979,0.6608,0.6709,0.684,0.6864,3.7532,0.2285,"{'model__class_weight': None, 'model__criterion': 'gini', 'model__max_depth': 7, 'model__max_features': 'sqrt', 'model__min_samples_leaf': 5, 'model__min_samples_split': 5, 'model__n_estimators': 50, 'preprocessing__scaler': 'passthrough', 'preprocessing__vectorizer': TfidfVectorizer(min_df=7)}"
CountVectorizer(min_df=7),passthrough,50,gini,7,10,2,sqrt,,0.2771,0.0219,181,0.6785,0.0101,0.6923,0.661,0.6778,0.6817,0.6795,2.2063,0.1898,"{'model__class_weight': None, 'model__criterion': 'gini', 'model__max_depth': 7, 'model__max_features': 'sqrt', 'model__min_samples_leaf': 2, 'model__min_samples_split': 10, 'model__n_estimators': 50, 'preprocessing__scaler': 'passthrough', 'preprocessing__vectorizer': CountVectorizer(min_df=7)}"
CountVectorizer(min_df=7),passthrough,50,gini,7,5,2,sqrt,,0.2486,0.0039,182,0.6782,0.0113,0.6928,0.6582,0.6793,0.6832,0.6773,2.2542,0.008,"{'model__class_weight': None, 'model__criterion': 'gini', 'model__max_depth': 7, 'model__max_features': 'sqrt', 'model__min_samples_leaf': 2, 'model__min_samples_split': 5, 'model__n_estimators': 50, 'preprocessing__scaler': 'passthrough', 'preprocessing__vectorizer': CountVectorizer(min_df=7)}"
CountVectorizer(min_df=7),passthrough,50,gini,7,10,5,sqrt,,0.4158,0.1458,183,0.6766,0.0116,0.691,0.6557,0.6764,0.6815,0.6785,2.9242,0.3891,"{'model__class_weight': None, 'model__criterion': 'gini', 'model__max_depth': 7, 'model__max_features': 'sqrt', 'model__min_samples_leaf': 5, 'model__min_samples_split': 10, 'model__n_estimators': 50, 'preprocessing__scaler': 'passthrough', 'preprocessing__vectorizer': CountVectorizer(min_df=7)}"
CountVectorizer(min_df=7),passthrough,50,gini,7,5,5,sqrt,,0.4313,0.044,183,0.6766,0.0116,0.691,0.6557,0.6764,0.6815,0.6785,2.529,0.3685,"{'model__class_weight': None, 'model__criterion': 'gini', 'model__max_depth': 7, 'model__max_features': 'sqrt', 'model__min_samples_leaf': 5, 'model__min_samples_split': 5, 'model__n_estimators': 50, 'preprocessing__scaler': 'passthrough', 'preprocessing__vectorizer': CountVectorizer(min_df=7)}"
TfidfVectorizer(min_df=7),passthrough,50,entropy,7,5,5,sqrt,,0.3313,0.0337,185,0.6746,0.0089,0.6842,0.6581,0.6741,0.6786,0.6782,2.56,0.0794,"{'model__class_weight': None, 'model__criterion': 'entropy', 'model__max_depth': 7, 'model__max_features': 'sqrt', 'model__min_samples_leaf': 5, 'model__min_samples_split': 5, 'model__n_estimators': 50, 'preprocessing__scaler': 'passthrough', 'preprocessing__vectorizer': TfidfVectorizer(min_df=7)}"
TfidfVectorizer(min_df=7),passthrough,50,entropy,7,10,5,sqrt,,0.5769,0.2188,185,0.6746,0.0089,0.6842,0.6581,0.6741,0.6786,0.6782,2.9101,0.2733,"{'model__class_weight': None, 'model__criterion': 'entropy', 'model__max_depth': 7, 'model__max_features': 'sqrt', 'model__min_samples_leaf': 5, 'model__min_samples_split': 10, 'model__n_estimators': 50, 'preprocessing__scaler': 'passthrough', 'preprocessing__vectorizer': TfidfVectorizer(min_df=7)}"
TfidfVectorizer(min_df=7),passthrough,50,entropy,7,5,2,sqrt,,0.3032,0.0068,187,0.6733,0.0098,0.6802,0.6541,0.6785,0.6739,0.6796,4.0273,0.036,"{'model__class_weight': None, 'model__criterion': 'entropy', 'model__max_depth': 7, 'model__max_features': 'sqrt', 'model__min_samples_leaf': 2, 'model__min_samples_split': 5, 'model__n_estimators': 50, 'preprocessing__scaler': 'passthrough', 'preprocessing__vectorizer': TfidfVectorizer(min_df=7)}"
CountVectorizer(min_df=7),passthrough,50,entropy,7,5,2,sqrt,,0.3762,0.1107,188,0.6729,0.0093,0.6812,0.656,0.6786,0.6792,0.6696,2.5985,0.3533,"{'model__class_weight': None, 'model__criterion': 'entropy', 'model__max_depth': 7, 'model__max_features': 'sqrt', 'model__min_samples_leaf': 2, 'model__min_samples_split': 5, 'model__n_estimators': 50, 'preprocessing__scaler': 'passthrough', 'preprocessing__vectorizer': CountVectorizer(min_df=7)}"
TfidfVectorizer(min_df=7),passthrough,50,entropy,7,10,2,sqrt,,0.3333,0.0125,189,0.6726,0.0094,0.6828,0.6551,0.6726,0.6743,0.6784,2.9753,0.0465,"{'model__class_weight': None, 'model__criterion': 'entropy', 'model__max_depth': 7, 'model__max_features': 'sqrt', 'model__min_samples_leaf': 2, 'model__min_samples_split': 10, 'model__n_estimators': 50, 'preprocessing__scaler': 'passthrough', 'preprocessing__vectorizer': TfidfVectorizer(min_df=7)}"
CountVectorizer(min_df=7),passthrough,50,entropy,7,10,2,sqrt,,0.3548,0.0276,190,0.6723,0.0098,0.6788,0.653,0.6754,0.6789,0.6754,2.3826,0.0595,"{'model__class_weight': None, 'model__criterion': 'entropy', 'model__max_depth': 7, 'model__max_features': 'sqrt', 'model__min_samples_leaf': 2, 'model__min_samples_split': 10, 'model__n_estimators': 50, 'preprocessing__scaler': 'passthrough', 'preprocessing__vectorizer': CountVectorizer(min_df=7)}"
CountVectorizer(min_df=7),passthrough,50,entropy,7,5,5,sqrt,,0.2943,0.0403,191,0.6719,0.009,0.6798,0.6548,0.6751,0.678,0.672,2.5796,0.3527,"{'model__class_weight': None, 'model__criterion': 'entropy', 'model__max_depth': 7, 'model__max_features': 'sqrt', 'model__min_samples_leaf': 5, 'model__min_samples_split': 5, 'model__n_estimators': 50, 'preprocessing__scaler': 'passthrough', 'preprocessing__vectorizer': CountVectorizer(min_df=7)}"
CountVectorizer(min_df=7),passthrough,50,entropy,7,10,5,sqrt,,0.2983,0.0082,191,0.6719,0.009,0.6798,0.6548,0.6751,0.678,0.672,2.2694,0.0777,"{'model__class_weight': None, 'model__criterion': 'entropy', 'model__max_depth': 7, 'model__max_features': 'sqrt', 'model__min_samples_leaf': 5, 'model__min_samples_split': 10, 'model__n_estimators': 50, 'preprocessing__scaler': 'passthrough', 'preprocessing__vectorizer': CountVectorizer(min_df=7)}"
