vectorizer,scaler,oversampler,undersampler,n_estimators,criterion,max_depth,min_samples_split,min_samples_leaf,max_features,mean_score_time,std_score_time,rank_test_score,mean_test_score,std_test_score,split0_test_score,split1_test_score,split2_test_score,split3_test_score,split4_test_score,mean_fit_time,std_fit_time,params
CountVectorizer(min_df=7),passthrough,passthrough,passthrough,100,entropy,20,5,2,sqrt,0.4066,0.0094,1,0.7734,0.0057,0.7757,0.7725,0.7826,0.7653,0.7708,11.177,0.3472,"{'model__criterion': 'entropy', 'model__max_depth': 20, 'model__max_features': 'sqrt', 'model__min_samples_leaf': 2, 'model__min_samples_split': 5, 'model__n_estimators': 100, 'oversampler': 'passthrough', 'preprocessing__scaler': 'passthrough', 'preprocessing__vectorizer': CountVectorizer(min_df=7), 'undersampler': 'passthrough'}"
CountVectorizer(min_df=7),passthrough,passthrough,passthrough,100,entropy,20,10,2,sqrt,0.4228,0.0171,2,0.7729,0.0057,0.7786,0.7699,0.7809,0.7666,0.7685,10.7096,0.0805,"{'model__criterion': 'entropy', 'model__max_depth': 20, 'model__max_features': 'sqrt', 'model__min_samples_leaf': 2, 'model__min_samples_split': 10, 'model__n_estimators': 100, 'oversampler': 'passthrough', 'preprocessing__scaler': 'passthrough', 'preprocessing__vectorizer': CountVectorizer(min_df=7), 'undersampler': 'passthrough'}"
CountVectorizer(min_df=7),passthrough,passthrough,passthrough,50,entropy,20,5,2,sqrt,0.3403,0.0249,3,0.7722,0.0035,0.7739,0.7734,0.7762,0.7658,0.7717,6.1627,0.3881,"{'model__criterion': 'entropy', 'model__max_depth': 20, 'model__max_features': 'sqrt', 'model__min_samples_leaf': 2, 'model__min_samples_split': 5, 'model__n_estimators': 50, 'oversampler': 'passthrough', 'preprocessing__scaler': 'passthrough', 'preprocessing__vectorizer': CountVectorizer(min_df=7), 'undersampler': 'passthrough'}"
CountVectorizer(min_df=7),passthrough,passthrough,passthrough,100,gini,20,5,2,sqrt,0.399,0.0257,4,0.7708,0.0083,0.7769,0.764,0.784,0.7624,0.7665,9.4949,0.1175,"{'model__criterion': 'gini', 'model__max_depth': 20, 'model__max_features': 'sqrt', 'model__min_samples_leaf': 2, 'model__min_samples_split': 5, 'model__n_estimators': 100, 'oversampler': 'passthrough', 'preprocessing__scaler': 'passthrough', 'preprocessing__vectorizer': CountVectorizer(min_df=7), 'undersampler': 'passthrough'}"
CountVectorizer(min_df=7),passthrough,passthrough,passthrough,50,entropy,20,10,2,sqrt,0.3433,0.012,5,0.7702,0.0076,0.7721,0.7671,0.784,0.7621,0.7657,5.794,0.1407,"{'model__criterion': 'entropy', 'model__max_depth': 20, 'model__max_features': 'sqrt', 'model__min_samples_leaf': 2, 'model__min_samples_split': 10, 'model__n_estimators': 50, 'oversampler': 'passthrough', 'preprocessing__scaler': 'passthrough', 'preprocessing__vectorizer': CountVectorizer(min_df=7), 'undersampler': 'passthrough'}"
CountVectorizer(min_df=7),passthrough,passthrough,passthrough,100,gini,20,10,2,sqrt,0.4386,0.0134,6,0.7701,0.0081,0.775,0.7679,0.7814,0.7571,0.7691,10.4839,0.0843,"{'model__criterion': 'gini', 'model__max_depth': 20, 'model__max_features': 'sqrt', 'model__min_samples_leaf': 2, 'model__min_samples_split': 10, 'model__n_estimators': 100, 'oversampler': 'passthrough', 'preprocessing__scaler': 'passthrough', 'preprocessing__vectorizer': CountVectorizer(min_df=7), 'undersampler': 'passthrough'}"
TfidfVectorizer(min_df=7),passthrough,passthrough,passthrough,100,entropy,20,10,2,sqrt,0.4315,0.0303,7,0.7699,0.0047,0.7694,0.7688,0.779,0.7668,0.7656,11.8314,0.054,"{'model__criterion': 'entropy', 'model__max_depth': 20, 'model__max_features': 'sqrt', 'model__min_samples_leaf': 2, 'model__min_samples_split': 10, 'model__n_estimators': 100, 'oversampler': 'passthrough', 'preprocessing__scaler': 'passthrough', 'preprocessing__vectorizer': TfidfVectorizer(min_df=7), 'undersampler': 'passthrough'}"
TfidfVectorizer(min_df=7),passthrough,passthrough,passthrough,100,entropy,20,5,2,sqrt,0.4478,0.0325,8,0.7699,0.0048,0.7696,0.7685,0.7786,0.7637,0.769,11.7972,0.1463,"{'model__criterion': 'entropy', 'model__max_depth': 20, 'model__max_features': 'sqrt', 'model__min_samples_leaf': 2, 'model__min_samples_split': 5, 'model__n_estimators': 100, 'oversampler': 'passthrough', 'preprocessing__scaler': 'passthrough', 'preprocessing__vectorizer': TfidfVectorizer(min_df=7), 'undersampler': 'passthrough'}"
CountVectorizer(min_df=7),passthrough,passthrough,passthrough,50,gini,20,10,2,sqrt,0.3018,0.0099,9,0.7696,0.0071,0.768,0.7685,0.7815,0.7592,0.7708,5.1432,0.0992,"{'model__criterion': 'gini', 'model__max_depth': 20, 'model__max_features': 'sqrt', 'model__min_samples_leaf': 2, 'model__min_samples_split': 10, 'model__n_estimators': 50, 'oversampler': 'passthrough', 'preprocessing__scaler': 'passthrough', 'preprocessing__vectorizer': CountVectorizer(min_df=7), 'undersampler': 'passthrough'}"
TfidfVectorizer(min_df=7),passthrough,passthrough,passthrough,100,gini,20,5,2,sqrt,0.3909,0.0328,10,0.7695,0.0054,0.7684,0.7675,0.78,0.7646,0.7673,10.0802,0.0414,"{'model__criterion': 'gini', 'model__max_depth': 20, 'model__max_features': 'sqrt', 'model__min_samples_leaf': 2, 'model__min_samples_split': 5, 'model__n_estimators': 100, 'oversampler': 'passthrough', 'preprocessing__scaler': 'passthrough', 'preprocessing__vectorizer': TfidfVectorizer(min_df=7), 'undersampler': 'passthrough'}"
TfidfVectorizer(min_df=7),passthrough,passthrough,passthrough,100,gini,20,10,2,sqrt,0.4639,0.0306,11,0.7692,0.0045,0.7704,0.7691,0.7768,0.7631,0.7668,11.5557,0.0652,"{'model__criterion': 'gini', 'model__max_depth': 20, 'model__max_features': 'sqrt', 'model__min_samples_leaf': 2, 'model__min_samples_split': 10, 'model__n_estimators': 100, 'oversampler': 'passthrough', 'preprocessing__scaler': 'passthrough', 'preprocessing__vectorizer': TfidfVectorizer(min_df=7), 'undersampler': 'passthrough'}"
TfidfVectorizer(min_df=7),passthrough,passthrough,passthrough,50,entropy,20,10,2,sqrt,0.3654,0.0183,12,0.769,0.004,0.7669,0.7675,0.7768,0.7682,0.7657,6.5008,0.0558,"{'model__criterion': 'entropy', 'model__max_depth': 20, 'model__max_features': 'sqrt', 'model__min_samples_leaf': 2, 'model__min_samples_split': 10, 'model__n_estimators': 50, 'oversampler': 'passthrough', 'preprocessing__scaler': 'passthrough', 'preprocessing__vectorizer': TfidfVectorizer(min_df=7), 'undersampler': 'passthrough'}"
CountVectorizer(min_df=7),passthrough,passthrough,passthrough,50,gini,20,5,2,sqrt,0.3153,0.0263,13,0.7688,0.0082,0.7695,0.7598,0.7833,0.7622,0.7694,5.628,0.0525,"{'model__criterion': 'gini', 'model__max_depth': 20, 'model__max_features': 'sqrt', 'model__min_samples_leaf': 2, 'model__min_samples_split': 5, 'model__n_estimators': 50, 'oversampler': 'passthrough', 'preprocessing__scaler': 'passthrough', 'preprocessing__vectorizer': CountVectorizer(min_df=7), 'undersampler': 'passthrough'}"
TfidfVectorizer(min_df=7),passthrough,passthrough,passthrough,50,gini,20,5,2,sqrt,0.3074,0.0198,14,0.7684,0.006,0.7626,0.769,0.7795,0.7641,0.7669,5.8253,0.1054,"{'model__criterion': 'gini', 'model__max_depth': 20, 'model__max_features': 'sqrt', 'model__min_samples_leaf': 2, 'model__min_samples_split': 5, 'model__n_estimators': 50, 'oversampler': 'passthrough', 'preprocessing__scaler': 'passthrough', 'preprocessing__vectorizer': TfidfVectorizer(min_df=7), 'undersampler': 'passthrough'}"
TfidfVectorizer(min_df=7),passthrough,passthrough,passthrough,50,entropy,20,5,2,sqrt,0.4023,0.0574,15,0.7682,0.0036,0.7673,0.7672,0.7745,0.7633,0.7688,7.2408,0.087,"{'model__criterion': 'entropy', 'model__max_depth': 20, 'model__max_features': 'sqrt', 'model__min_samples_leaf': 2, 'model__min_samples_split': 5, 'model__n_estimators': 50, 'oversampler': 'passthrough', 'preprocessing__scaler': 'passthrough', 'preprocessing__vectorizer': TfidfVectorizer(min_df=7), 'undersampler': 'passthrough'}"
TfidfVectorizer(min_df=7),passthrough,passthrough,passthrough,50,gini,20,10,2,sqrt,0.3481,0.036,16,0.7668,0.0053,0.7639,0.7684,0.7752,0.7593,0.7672,5.6511,0.0747,"{'model__criterion': 'gini', 'model__max_depth': 20, 'model__max_features': 'sqrt', 'model__min_samples_leaf': 2, 'model__min_samples_split': 10, 'model__n_estimators': 50, 'oversampler': 'passthrough', 'preprocessing__scaler': 'passthrough', 'preprocessing__vectorizer': TfidfVectorizer(min_df=7), 'undersampler': 'passthrough'}"
CountVectorizer(min_df=7),passthrough,passthrough,passthrough,100,entropy,20,10,5,sqrt,0.449,0.0461,17,0.7663,0.0048,0.7687,0.7647,0.7745,0.7621,0.7614,12.6332,0.1569,"{'model__criterion': 'entropy', 'model__max_depth': 20, 'model__max_features': 'sqrt', 'model__min_samples_leaf': 5, 'model__min_samples_split': 10, 'model__n_estimators': 100, 'oversampler': 'passthrough', 'preprocessing__scaler': 'passthrough', 'preprocessing__vectorizer': CountVectorizer(min_df=7), 'undersampler': 'passthrough'}"
CountVectorizer(min_df=7),passthrough,passthrough,passthrough,100,entropy,20,5,5,sqrt,0.4832,0.0213,17,0.7663,0.0048,0.7687,0.7647,0.7745,0.7621,0.7614,11.2355,0.089,"{'model__criterion': 'entropy', 'model__max_depth': 20, 'model__max_features': 'sqrt', 'model__min_samples_leaf': 5, 'model__min_samples_split': 5, 'model__n_estimators': 100, 'oversampler': 'passthrough', 'preprocessing__scaler': 'passthrough', 'preprocessing__vectorizer': CountVectorizer(min_df=7), 'undersampler': 'passthrough'}"
CountVectorizer(min_df=7),passthrough,passthrough,passthrough,50,entropy,20,5,5,sqrt,0.3649,0.0406,19,0.7663,0.0047,0.7661,0.7674,0.7745,0.7614,0.762,5.6587,0.162,"{'model__criterion': 'entropy', 'model__max_depth': 20, 'model__max_features': 'sqrt', 'model__min_samples_leaf': 5, 'model__min_samples_split': 5, 'model__n_estimators': 50, 'oversampler': 'passthrough', 'preprocessing__scaler': 'passthrough', 'preprocessing__vectorizer': CountVectorizer(min_df=7), 'undersampler': 'passthrough'}"
CountVectorizer(min_df=7),passthrough,passthrough,passthrough,50,entropy,20,10,5,sqrt,0.4084,0.032,19,0.7663,0.0047,0.7661,0.7674,0.7745,0.7614,0.762,6.698,0.3801,"{'model__criterion': 'entropy', 'model__max_depth': 20, 'model__max_features': 'sqrt', 'model__min_samples_leaf': 5, 'model__min_samples_split': 10, 'model__n_estimators': 50, 'oversampler': 'passthrough', 'preprocessing__scaler': 'passthrough', 'preprocessing__vectorizer': CountVectorizer(min_df=7), 'undersampler': 'passthrough'}"
TfidfVectorizer(min_df=7),passthrough,passthrough,passthrough,100,gini,20,5,5,sqrt,0.5354,0.0412,21,0.7661,0.0058,0.7653,0.7652,0.777,0.7605,0.7624,12.3634,0.072,"{'model__criterion': 'gini', 'model__max_depth': 20, 'model__max_features': 'sqrt', 'model__min_samples_leaf': 5, 'model__min_samples_split': 5, 'model__n_estimators': 100, 'oversampler': 'passthrough', 'preprocessing__scaler': 'passthrough', 'preprocessing__vectorizer': TfidfVectorizer(min_df=7), 'undersampler': 'passthrough'}"
TfidfVectorizer(min_df=7),passthrough,passthrough,passthrough,100,gini,20,10,5,sqrt,0.459,0.0154,21,0.7661,0.0058,0.7653,0.7652,0.777,0.7605,0.7624,12.8054,0.0894,"{'model__criterion': 'gini', 'model__max_depth': 20, 'model__max_features': 'sqrt', 'model__min_samples_leaf': 5, 'model__min_samples_split': 10, 'model__n_estimators': 100, 'oversampler': 'passthrough', 'preprocessing__scaler': 'passthrough', 'preprocessing__vectorizer': TfidfVectorizer(min_df=7), 'undersampler': 'passthrough'}"
TfidfVectorizer(min_df=7),passthrough,passthrough,passthrough,100,entropy,20,5,5,sqrt,0.5506,0.0165,23,0.7647,0.0069,0.7648,0.7632,0.7774,0.757,0.7609,12.8482,0.1031,"{'model__criterion': 'entropy', 'model__max_depth': 20, 'model__max_features': 'sqrt', 'model__min_samples_leaf': 5, 'model__min_samples_split': 5, 'model__n_estimators': 100, 'oversampler': 'passthrough', 'preprocessing__scaler': 'passthrough', 'preprocessing__vectorizer': TfidfVectorizer(min_df=7), 'undersampler': 'passthrough'}"
TfidfVectorizer(min_df=7),passthrough,passthrough,passthrough,100,entropy,20,10,5,sqrt,0.4153,0.0732,23,0.7647,0.0069,0.7648,0.7632,0.7774,0.757,0.7609,12.9607,0.3611,"{'model__criterion': 'entropy', 'model__max_depth': 20, 'model__max_features': 'sqrt', 'model__min_samples_leaf': 5, 'model__min_samples_split': 10, 'model__n_estimators': 100, 'oversampler': 'passthrough', 'preprocessing__scaler': 'passthrough', 'preprocessing__vectorizer': TfidfVectorizer(min_df=7), 'undersampler': 'passthrough'}"
CountVectorizer(min_df=7),passthrough,passthrough,passthrough,100,gini,20,5,5,sqrt,0.5123,0.0634,25,0.7642,0.0067,0.7681,0.7596,0.7745,0.7552,0.7634,10.938,0.0445,"{'model__criterion': 'gini', 'model__max_depth': 20, 'model__max_features': 'sqrt', 'model__min_samples_leaf': 5, 'model__min_samples_split': 5, 'model__n_estimators': 100, 'oversampler': 'passthrough', 'preprocessing__scaler': 'passthrough', 'preprocessing__vectorizer': CountVectorizer(min_df=7), 'undersampler': 'passthrough'}"
CountVectorizer(min_df=7),passthrough,passthrough,passthrough,100,gini,20,10,5,sqrt,0.4775,0.016,25,0.7642,0.0067,0.7681,0.7596,0.7745,0.7552,0.7634,12.0549,0.0586,"{'model__criterion': 'gini', 'model__max_depth': 20, 'model__max_features': 'sqrt', 'model__min_samples_leaf': 5, 'model__min_samples_split': 10, 'model__n_estimators': 100, 'oversampler': 'passthrough', 'preprocessing__scaler': 'passthrough', 'preprocessing__vectorizer': CountVectorizer(min_df=7), 'undersampler': 'passthrough'}"
TfidfVectorizer(min_df=7),passthrough,passthrough,passthrough,50,gini,20,10,5,sqrt,0.4412,0.046,27,0.764,0.0064,0.7592,0.7647,0.776,0.7605,0.7593,7.2047,0.0838,"{'model__criterion': 'gini', 'model__max_depth': 20, 'model__max_features': 'sqrt', 'model__min_samples_leaf': 5, 'model__min_samples_split': 10, 'model__n_estimators': 50, 'oversampler': 'passthrough', 'preprocessing__scaler': 'passthrough', 'preprocessing__vectorizer': TfidfVectorizer(min_df=7), 'undersampler': 'passthrough'}"
TfidfVectorizer(min_df=7),passthrough,passthrough,passthrough,50,gini,20,5,5,sqrt,0.3616,0.0162,27,0.764,0.0064,0.7592,0.7647,0.776,0.7605,0.7593,6.268,0.029,"{'model__criterion': 'gini', 'model__max_depth': 20, 'model__max_features': 'sqrt', 'model__min_samples_leaf': 5, 'model__min_samples_split': 5, 'model__n_estimators': 50, 'oversampler': 'passthrough', 'preprocessing__scaler': 'passthrough', 'preprocessing__vectorizer': TfidfVectorizer(min_df=7), 'undersampler': 'passthrough'}"
CountVectorizer(min_df=7),passthrough,passthrough,passthrough,50,gini,20,10,5,sqrt,0.388,0.009,29,0.7626,0.007,0.7593,0.7658,0.7729,0.7518,0.763,6.5099,0.2418,"{'model__criterion': 'gini', 'model__max_depth': 20, 'model__max_features': 'sqrt', 'model__min_samples_leaf': 5, 'model__min_samples_split': 10, 'model__n_estimators': 50, 'oversampler': 'passthrough', 'preprocessing__scaler': 'passthrough', 'preprocessing__vectorizer': CountVectorizer(min_df=7), 'undersampler': 'passthrough'}"
CountVectorizer(min_df=7),passthrough,passthrough,passthrough,50,gini,20,5,5,sqrt,0.3677,0.0282,29,0.7626,0.007,0.7593,0.7658,0.7729,0.7518,0.763,5.7542,0.0793,"{'model__criterion': 'gini', 'model__max_depth': 20, 'model__max_features': 'sqrt', 'model__min_samples_leaf': 5, 'model__min_samples_split': 5, 'model__n_estimators': 50, 'oversampler': 'passthrough', 'preprocessing__scaler': 'passthrough', 'preprocessing__vectorizer': CountVectorizer(min_df=7), 'undersampler': 'passthrough'}"
TfidfVectorizer(min_df=7),passthrough,passthrough,passthrough,50,entropy,20,5,5,sqrt,0.3692,0.0148,31,0.7622,0.0044,0.7636,0.7578,0.7701,0.7603,0.7591,6.5171,0.0562,"{'model__criterion': 'entropy', 'model__max_depth': 20, 'model__max_features': 'sqrt', 'model__min_samples_leaf': 5, 'model__min_samples_split': 5, 'model__n_estimators': 50, 'oversampler': 'passthrough', 'preprocessing__scaler': 'passthrough', 'preprocessing__vectorizer': TfidfVectorizer(min_df=7), 'undersampler': 'passthrough'}"
TfidfVectorizer(min_df=7),passthrough,passthrough,passthrough,50,entropy,20,10,5,sqrt,0.4771,0.0534,31,0.7622,0.0044,0.7636,0.7578,0.7701,0.7603,0.7591,7.9412,0.1262,"{'model__criterion': 'entropy', 'model__max_depth': 20, 'model__max_features': 'sqrt', 'model__min_samples_leaf': 5, 'model__min_samples_split': 10, 'model__n_estimators': 50, 'oversampler': 'passthrough', 'preprocessing__scaler': 'passthrough', 'preprocessing__vectorizer': TfidfVectorizer(min_df=7), 'undersampler': 'passthrough'}"
CountVectorizer(min_df=7),passthrough,passthrough,passthrough,100,entropy,15,10,2,sqrt,0.4099,0.006,33,0.7618,0.0073,0.7691,0.7576,0.772,0.7546,0.7557,10.5219,0.1704,"{'model__criterion': 'entropy', 'model__max_depth': 15, 'model__max_features': 'sqrt', 'model__min_samples_leaf': 2, 'model__min_samples_split': 10, 'model__n_estimators': 100, 'oversampler': 'passthrough', 'preprocessing__scaler': 'passthrough', 'preprocessing__vectorizer': CountVectorizer(min_df=7), 'undersampler': 'passthrough'}"
CountVectorizer(min_df=7),passthrough,passthrough,passthrough,100,entropy,15,5,2,sqrt,0.4738,0.0073,34,0.7612,0.0058,0.767,0.7577,0.7694,0.7566,0.7552,11.9511,0.1351,"{'model__criterion': 'entropy', 'model__max_depth': 15, 'model__max_features': 'sqrt', 'model__min_samples_leaf': 2, 'model__min_samples_split': 5, 'model__n_estimators': 100, 'oversampler': 'passthrough', 'preprocessing__scaler': 'passthrough', 'preprocessing__vectorizer': CountVectorizer(min_df=7), 'undersampler': 'passthrough'}"
CountVectorizer(min_df=7),passthrough,passthrough,passthrough,50,entropy,15,10,2,sqrt,0.4,0.0105,35,0.7609,0.0057,0.768,0.7599,0.7659,0.7589,0.7518,6.3492,0.0692,"{'model__criterion': 'entropy', 'model__max_depth': 15, 'model__max_features': 'sqrt', 'model__min_samples_leaf': 2, 'model__min_samples_split': 10, 'model__n_estimators': 50, 'oversampler': 'passthrough', 'preprocessing__scaler': 'passthrough', 'preprocessing__vectorizer': CountVectorizer(min_df=7), 'undersampler': 'passthrough'}"
TfidfVectorizer(min_df=7),passthrough,passthrough,passthrough,100,gini,15,10,2,sqrt,0.5286,0.0454,36,0.7605,0.004,0.7616,0.7585,0.7679,0.7569,0.7575,13.2536,0.1653,"{'model__criterion': 'gini', 'model__max_depth': 15, 'model__max_features': 'sqrt', 'model__min_samples_leaf': 2, 'model__min_samples_split': 10, 'model__n_estimators': 100, 'oversampler': 'passthrough', 'preprocessing__scaler': 'passthrough', 'preprocessing__vectorizer': TfidfVectorizer(min_df=7), 'undersampler': 'passthrough'}"
TfidfVectorizer(min_df=7),passthrough,passthrough,passthrough,100,gini,15,5,2,sqrt,0.4484,0.0315,37,0.7604,0.0043,0.762,0.761,0.7669,0.7583,0.754,10.5555,0.0634,"{'model__criterion': 'gini', 'model__max_depth': 15, 'model__max_features': 'sqrt', 'model__min_samples_leaf': 2, 'model__min_samples_split': 5, 'model__n_estimators': 100, 'oversampler': 'passthrough', 'preprocessing__scaler': 'passthrough', 'preprocessing__vectorizer': TfidfVectorizer(min_df=7), 'undersampler': 'passthrough'}"
CountVectorizer(min_df=7),passthrough,passthrough,passthrough,100,gini,15,5,2,sqrt,0.4091,0.0198,38,0.7603,0.006,0.7677,0.7545,0.7675,0.7548,0.7571,9.7987,0.1177,"{'model__criterion': 'gini', 'model__max_depth': 15, 'model__max_features': 'sqrt', 'model__min_samples_leaf': 2, 'model__min_samples_split': 5, 'model__n_estimators': 100, 'oversampler': 'passthrough', 'preprocessing__scaler': 'passthrough', 'preprocessing__vectorizer': CountVectorizer(min_df=7), 'undersampler': 'passthrough'}"
CountVectorizer(min_df=7),passthrough,passthrough,passthrough,100,entropy,15,5,5,sqrt,0.4139,0.0095,39,0.7596,0.006,0.7661,0.7559,0.7677,0.7544,0.7541,9.6323,0.0729,"{'model__criterion': 'entropy', 'model__max_depth': 15, 'model__max_features': 'sqrt', 'model__min_samples_leaf': 5, 'model__min_samples_split': 5, 'model__n_estimators': 100, 'oversampler': 'passthrough', 'preprocessing__scaler': 'passthrough', 'preprocessing__vectorizer': CountVectorizer(min_df=7), 'undersampler': 'passthrough'}"
CountVectorizer(min_df=7),passthrough,passthrough,passthrough,100,entropy,15,10,5,sqrt,0.3789,0.0056,39,0.7596,0.006,0.7661,0.7559,0.7677,0.7544,0.7541,8.7894,0.0993,"{'model__criterion': 'entropy', 'model__max_depth': 15, 'model__max_features': 'sqrt', 'model__min_samples_leaf': 5, 'model__min_samples_split': 10, 'model__n_estimators': 100, 'oversampler': 'passthrough', 'preprocessing__scaler': 'passthrough', 'preprocessing__vectorizer': CountVectorizer(min_df=7), 'undersampler': 'passthrough'}"
CountVectorizer(min_df=7),passthrough,passthrough,passthrough,50,gini,15,5,2,sqrt,0.315,0.024,41,0.7596,0.0042,0.7564,0.7601,0.7659,0.762,0.7538,4.775,0.032,"{'model__criterion': 'gini', 'model__max_depth': 15, 'model__max_features': 'sqrt', 'model__min_samples_leaf': 2, 'model__min_samples_split': 5, 'model__n_estimators': 50, 'oversampler': 'passthrough', 'preprocessing__scaler': 'passthrough', 'preprocessing__vectorizer': CountVectorizer(min_df=7), 'undersampler': 'passthrough'}"
TfidfVectorizer(min_df=7),passthrough,passthrough,passthrough,100,entropy,15,5,2,sqrt,0.5154,0.0138,42,0.7594,0.0069,0.7642,0.7561,0.7707,0.7535,0.7527,12.913,0.1917,"{'model__criterion': 'entropy', 'model__max_depth': 15, 'model__max_features': 'sqrt', 'model__min_samples_leaf': 2, 'model__min_samples_split': 5, 'model__n_estimators': 100, 'oversampler': 'passthrough', 'preprocessing__scaler': 'passthrough', 'preprocessing__vectorizer': TfidfVectorizer(min_df=7), 'undersampler': 'passthrough'}"
CountVectorizer(min_df=7),passthrough,passthrough,passthrough,50,entropy,15,5,2,sqrt,0.4102,0.0078,43,0.7593,0.0056,0.7603,0.7611,0.7675,0.7573,0.7503,6.564,0.1252,"{'model__criterion': 'entropy', 'model__max_depth': 15, 'model__max_features': 'sqrt', 'model__min_samples_leaf': 2, 'model__min_samples_split': 5, 'model__n_estimators': 50, 'oversampler': 'passthrough', 'preprocessing__scaler': 'passthrough', 'preprocessing__vectorizer': CountVectorizer(min_df=7), 'undersampler': 'passthrough'}"
CountVectorizer(min_df=7),passthrough,passthrough,passthrough,100,gini,15,10,2,sqrt,0.5398,0.0314,44,0.759,0.0059,0.7654,0.7533,0.7664,0.7526,0.7571,11.9686,0.0912,"{'model__criterion': 'gini', 'model__max_depth': 15, 'model__max_features': 'sqrt', 'model__min_samples_leaf': 2, 'model__min_samples_split': 10, 'model__n_estimators': 100, 'oversampler': 'passthrough', 'preprocessing__scaler': 'passthrough', 'preprocessing__vectorizer': CountVectorizer(min_df=7), 'undersampler': 'passthrough'}"
TfidfVectorizer(min_df=7),passthrough,passthrough,passthrough,100,entropy,15,10,2,sqrt,0.4378,0.0299,45,0.7589,0.0062,0.7608,0.7571,0.7701,0.7526,0.7541,11.14,0.11,"{'model__criterion': 'entropy', 'model__max_depth': 15, 'model__max_features': 'sqrt', 'model__min_samples_leaf': 2, 'model__min_samples_split': 10, 'model__n_estimators': 100, 'oversampler': 'passthrough', 'preprocessing__scaler': 'passthrough', 'preprocessing__vectorizer': TfidfVectorizer(min_df=7), 'undersampler': 'passthrough'}"
CountVectorizer(min_df=7),passthrough,passthrough,passthrough,50,gini,15,10,2,sqrt,0.3709,0.0353,46,0.7584,0.0032,0.7574,0.7577,0.7646,0.7559,0.7564,5.3793,0.0598,"{'model__criterion': 'gini', 'model__max_depth': 15, 'model__max_features': 'sqrt', 'model__min_samples_leaf': 2, 'model__min_samples_split': 10, 'model__n_estimators': 50, 'oversampler': 'passthrough', 'preprocessing__scaler': 'passthrough', 'preprocessing__vectorizer': CountVectorizer(min_df=7), 'undersampler': 'passthrough'}"
TfidfVectorizer(min_df=7),passthrough,passthrough,passthrough,50,entropy,15,5,2,sqrt,0.4528,0.0575,47,0.7579,0.0067,0.7622,0.7578,0.7671,0.7552,0.7471,7.4433,0.0412,"{'model__criterion': 'entropy', 'model__max_depth': 15, 'model__max_features': 'sqrt', 'model__min_samples_leaf': 2, 'model__min_samples_split': 5, 'model__n_estimators': 50, 'oversampler': 'passthrough', 'preprocessing__scaler': 'passthrough', 'preprocessing__vectorizer': TfidfVectorizer(min_df=7), 'undersampler': 'passthrough'}"
TfidfVectorizer(min_df=7),passthrough,passthrough,passthrough,50,gini,15,10,2,sqrt,0.4514,0.0561,48,0.7575,0.0035,0.7572,0.76,0.7611,0.7584,0.751,6.2076,0.2523,"{'model__criterion': 'gini', 'model__max_depth': 15, 'model__max_features': 'sqrt', 'model__min_samples_leaf': 2, 'model__min_samples_split': 10, 'model__n_estimators': 50, 'oversampler': 'passthrough', 'preprocessing__scaler': 'passthrough', 'preprocessing__vectorizer': TfidfVectorizer(min_df=7), 'undersampler': 'passthrough'}"
CountVectorizer(min_df=7),passthrough,passthrough,passthrough,100,gini,15,10,5,sqrt,0.384,0.0506,49,0.7572,0.0049,0.7599,0.7517,0.7649,0.7524,0.7569,9.0081,0.1385,"{'model__criterion': 'gini', 'model__max_depth': 15, 'model__max_features': 'sqrt', 'model__min_samples_leaf': 5, 'model__min_samples_split': 10, 'model__n_estimators': 100, 'oversampler': 'passthrough', 'preprocessing__scaler': 'passthrough', 'preprocessing__vectorizer': CountVectorizer(min_df=7), 'undersampler': 'passthrough'}"
CountVectorizer(min_df=7),passthrough,passthrough,passthrough,100,gini,15,5,5,sqrt,0.4037,0.0111,49,0.7572,0.0049,0.7599,0.7517,0.7649,0.7524,0.7569,10.5773,0.2242,"{'model__criterion': 'gini', 'model__max_depth': 15, 'model__max_features': 'sqrt', 'model__min_samples_leaf': 5, 'model__min_samples_split': 5, 'model__n_estimators': 100, 'oversampler': 'passthrough', 'preprocessing__scaler': 'passthrough', 'preprocessing__vectorizer': CountVectorizer(min_df=7), 'undersampler': 'passthrough'}"
TfidfVectorizer(min_df=7),passthrough,passthrough,passthrough,50,gini,15,5,2,sqrt,0.3709,0.0109,51,0.7572,0.0054,0.757,0.7613,0.763,0.7569,0.7475,5.4325,0.1178,"{'model__criterion': 'gini', 'model__max_depth': 15, 'model__max_features': 'sqrt', 'model__min_samples_leaf': 2, 'model__min_samples_split': 5, 'model__n_estimators': 50, 'oversampler': 'passthrough', 'preprocessing__scaler': 'passthrough', 'preprocessing__vectorizer': TfidfVectorizer(min_df=7), 'undersampler': 'passthrough'}"
TfidfVectorizer(min_df=7),passthrough,passthrough,passthrough,100,gini,15,10,5,sqrt,0.4048,0.0093,52,0.7569,0.0031,0.7615,0.7559,0.7595,0.7532,0.7544,9.502,0.0529,"{'model__criterion': 'gini', 'model__max_depth': 15, 'model__max_features': 'sqrt', 'model__min_samples_leaf': 5, 'model__min_samples_split': 10, 'model__n_estimators': 100, 'oversampler': 'passthrough', 'preprocessing__scaler': 'passthrough', 'preprocessing__vectorizer': TfidfVectorizer(min_df=7), 'undersampler': 'passthrough'}"
TfidfVectorizer(min_df=7),passthrough,passthrough,passthrough,100,gini,15,5,5,sqrt,0.4946,0.0712,52,0.7569,0.0031,0.7615,0.7559,0.7595,0.7532,0.7544,10.8495,0.1592,"{'model__criterion': 'gini', 'model__max_depth': 15, 'model__max_features': 'sqrt', 'model__min_samples_leaf': 5, 'model__min_samples_split': 5, 'model__n_estimators': 100, 'oversampler': 'passthrough', 'preprocessing__scaler': 'passthrough', 'preprocessing__vectorizer': TfidfVectorizer(min_df=7), 'undersampler': 'passthrough'}"
TfidfVectorizer(min_df=7),passthrough,passthrough,passthrough,50,entropy,15,10,2,sqrt,0.3907,0.0216,54,0.7568,0.0058,0.7543,0.7556,0.7683,0.753,0.7529,6.982,0.0499,"{'model__criterion': 'entropy', 'model__max_depth': 15, 'model__max_features': 'sqrt', 'model__min_samples_leaf': 2, 'model__min_samples_split': 10, 'model__n_estimators': 50, 'oversampler': 'passthrough', 'preprocessing__scaler': 'passthrough', 'preprocessing__vectorizer': TfidfVectorizer(min_df=7), 'undersampler': 'passthrough'}"
CountVectorizer(min_df=7),passthrough,passthrough,passthrough,50,entropy,15,5,5,sqrt,0.3261,0.0028,55,0.7568,0.0059,0.763,0.7556,0.7624,0.7563,0.7466,5.3275,0.1048,"{'model__criterion': 'entropy', 'model__max_depth': 15, 'model__max_features': 'sqrt', 'model__min_samples_leaf': 5, 'model__min_samples_split': 5, 'model__n_estimators': 50, 'oversampler': 'passthrough', 'preprocessing__scaler': 'passthrough', 'preprocessing__vectorizer': CountVectorizer(min_df=7), 'undersampler': 'passthrough'}"
CountVectorizer(min_df=7),passthrough,passthrough,passthrough,50,entropy,15,10,5,sqrt,0.3359,0.039,55,0.7568,0.0059,0.763,0.7556,0.7624,0.7563,0.7466,5.2321,0.1189,"{'model__criterion': 'entropy', 'model__max_depth': 15, 'model__max_features': 'sqrt', 'model__min_samples_leaf': 5, 'model__min_samples_split': 10, 'model__n_estimators': 50, 'oversampler': 'passthrough', 'preprocessing__scaler': 'passthrough', 'preprocessing__vectorizer': CountVectorizer(min_df=7), 'undersampler': 'passthrough'}"
TfidfVectorizer(min_df=7),passthrough,passthrough,passthrough,50,gini,15,10,5,sqrt,0.3425,0.0247,57,0.7565,0.0024,0.7568,0.7597,0.7577,0.7558,0.7523,5.8657,0.171,"{'model__criterion': 'gini', 'model__max_depth': 15, 'model__max_features': 'sqrt', 'model__min_samples_leaf': 5, 'model__min_samples_split': 10, 'model__n_estimators': 50, 'oversampler': 'passthrough', 'preprocessing__scaler': 'passthrough', 'preprocessing__vectorizer': TfidfVectorizer(min_df=7), 'undersampler': 'passthrough'}"
TfidfVectorizer(min_df=7),passthrough,passthrough,passthrough,50,gini,15,5,5,sqrt,0.4174,0.0438,57,0.7565,0.0024,0.7568,0.7597,0.7577,0.7558,0.7523,7.0153,0.0822,"{'model__criterion': 'gini', 'model__max_depth': 15, 'model__max_features': 'sqrt', 'model__min_samples_leaf': 5, 'model__min_samples_split': 5, 'model__n_estimators': 50, 'oversampler': 'passthrough', 'preprocessing__scaler': 'passthrough', 'preprocessing__vectorizer': TfidfVectorizer(min_df=7), 'undersampler': 'passthrough'}"
TfidfVectorizer(min_df=7),passthrough,passthrough,passthrough,100,entropy,15,10,5,sqrt,0.533,0.1521,59,0.756,0.0048,0.7605,0.7502,0.7628,0.7521,0.7545,9.699,0.0694,"{'model__criterion': 'entropy', 'model__max_depth': 15, 'model__max_features': 'sqrt', 'model__min_samples_leaf': 5, 'model__min_samples_split': 10, 'model__n_estimators': 100, 'oversampler': 'passthrough', 'preprocessing__scaler': 'passthrough', 'preprocessing__vectorizer': TfidfVectorizer(min_df=7), 'undersampler': 'passthrough'}"
TfidfVectorizer(min_df=7),passthrough,passthrough,passthrough,100,entropy,15,5,5,sqrt,0.4391,0.058,59,0.756,0.0048,0.7605,0.7502,0.7628,0.7521,0.7545,10.4289,0.1127,"{'model__criterion': 'entropy', 'model__max_depth': 15, 'model__max_features': 'sqrt', 'model__min_samples_leaf': 5, 'model__min_samples_split': 5, 'model__n_estimators': 100, 'oversampler': 'passthrough', 'preprocessing__scaler': 'passthrough', 'preprocessing__vectorizer': TfidfVectorizer(min_df=7), 'undersampler': 'passthrough'}"
TfidfVectorizer(min_df=7),passthrough,passthrough,passthrough,50,entropy,15,10,5,sqrt,0.3134,0.01,61,0.7549,0.0027,0.7574,0.7507,0.7571,0.7566,0.7525,5.4221,0.1129,"{'model__criterion': 'entropy', 'model__max_depth': 15, 'model__max_features': 'sqrt', 'model__min_samples_leaf': 5, 'model__min_samples_split': 10, 'model__n_estimators': 50, 'oversampler': 'passthrough', 'preprocessing__scaler': 'passthrough', 'preprocessing__vectorizer': TfidfVectorizer(min_df=7), 'undersampler': 'passthrough'}"
TfidfVectorizer(min_df=7),passthrough,passthrough,passthrough,50,entropy,15,5,5,sqrt,0.3892,0.0438,61,0.7549,0.0027,0.7574,0.7507,0.7571,0.7566,0.7525,5.7672,0.0458,"{'model__criterion': 'entropy', 'model__max_depth': 15, 'model__max_features': 'sqrt', 'model__min_samples_leaf': 5, 'model__min_samples_split': 5, 'model__n_estimators': 50, 'oversampler': 'passthrough', 'preprocessing__scaler': 'passthrough', 'preprocessing__vectorizer': TfidfVectorizer(min_df=7), 'undersampler': 'passthrough'}"
CountVectorizer(min_df=7),passthrough,passthrough,passthrough,50,gini,15,5,5,sqrt,0.4538,0.0696,63,0.7544,0.0038,0.752,0.7525,0.7619,0.7539,0.7515,6.6004,0.1391,"{'model__criterion': 'gini', 'model__max_depth': 15, 'model__max_features': 'sqrt', 'model__min_samples_leaf': 5, 'model__min_samples_split': 5, 'model__n_estimators': 50, 'oversampler': 'passthrough', 'preprocessing__scaler': 'passthrough', 'preprocessing__vectorizer': CountVectorizer(min_df=7), 'undersampler': 'passthrough'}"
CountVectorizer(min_df=7),passthrough,passthrough,passthrough,50,gini,15,10,5,sqrt,0.3309,0.0128,63,0.7544,0.0038,0.752,0.7525,0.7619,0.7539,0.7515,5.5596,0.0623,"{'model__criterion': 'gini', 'model__max_depth': 15, 'model__max_features': 'sqrt', 'model__min_samples_leaf': 5, 'model__min_samples_split': 10, 'model__n_estimators': 50, 'oversampler': 'passthrough', 'preprocessing__scaler': 'passthrough', 'preprocessing__vectorizer': CountVectorizer(min_df=7), 'undersampler': 'passthrough'}"
TfidfVectorizer(min_df=7),passthrough,passthrough,passthrough,100,gini,7,5,2,sqrt,0.2919,0.0046,65,0.7446,0.005,0.7509,0.7397,0.7421,0.7503,0.7399,7.1619,0.0471,"{'model__criterion': 'gini', 'model__max_depth': 7, 'model__max_features': 'sqrt', 'model__min_samples_leaf': 2, 'model__min_samples_split': 5, 'model__n_estimators': 100, 'oversampler': 'passthrough', 'preprocessing__scaler': 'passthrough', 'preprocessing__vectorizer': TfidfVectorizer(min_df=7), 'undersampler': 'passthrough'}"
TfidfVectorizer(min_df=7),passthrough,passthrough,passthrough,100,gini,7,10,2,sqrt,0.3475,0.0425,66,0.7435,0.0051,0.7476,0.7359,0.7431,0.7503,0.7407,7.6047,0.1343,"{'model__criterion': 'gini', 'model__max_depth': 7, 'model__max_features': 'sqrt', 'model__min_samples_leaf': 2, 'model__min_samples_split': 10, 'model__n_estimators': 100, 'oversampler': 'passthrough', 'preprocessing__scaler': 'passthrough', 'preprocessing__vectorizer': TfidfVectorizer(min_df=7), 'undersampler': 'passthrough'}"
TfidfVectorizer(min_df=7),passthrough,passthrough,passthrough,50,gini,7,5,2,sqrt,0.2885,0.01,67,0.7426,0.0039,0.7434,0.7399,0.7447,0.7481,0.7369,3.3772,0.0222,"{'model__criterion': 'gini', 'model__max_depth': 7, 'model__max_features': 'sqrt', 'model__min_samples_leaf': 2, 'model__min_samples_split': 5, 'model__n_estimators': 50, 'oversampler': 'passthrough', 'preprocessing__scaler': 'passthrough', 'preprocessing__vectorizer': TfidfVectorizer(min_df=7), 'undersampler': 'passthrough'}"
TfidfVectorizer(min_df=7),passthrough,passthrough,passthrough,50,gini,7,10,2,sqrt,0.3273,0.0512,68,0.7424,0.0048,0.7447,0.7383,0.7461,0.7476,0.7351,3.752,0.0469,"{'model__criterion': 'gini', 'model__max_depth': 7, 'model__max_features': 'sqrt', 'model__min_samples_leaf': 2, 'model__min_samples_split': 10, 'model__n_estimators': 50, 'oversampler': 'passthrough', 'preprocessing__scaler': 'passthrough', 'preprocessing__vectorizer': TfidfVectorizer(min_df=7), 'undersampler': 'passthrough'}"
CountVectorizer(min_df=7),passthrough,passthrough,passthrough,100,entropy,7,5,2,sqrt,0.3496,0.0088,69,0.7422,0.0043,0.7471,0.7391,0.738,0.7478,0.7391,7.9135,0.0827,"{'model__criterion': 'entropy', 'model__max_depth': 7, 'model__max_features': 'sqrt', 'model__min_samples_leaf': 2, 'model__min_samples_split': 5, 'model__n_estimators': 100, 'oversampler': 'passthrough', 'preprocessing__scaler': 'passthrough', 'preprocessing__vectorizer': CountVectorizer(min_df=7), 'undersampler': 'passthrough'}"
TfidfVectorizer(min_df=7),passthrough,passthrough,passthrough,100,entropy,7,10,2,sqrt,0.3834,0.0059,70,0.7419,0.0076,0.749,0.7302,0.7398,0.7513,0.7393,8.0381,0.0695,"{'model__criterion': 'entropy', 'model__max_depth': 7, 'model__max_features': 'sqrt', 'model__min_samples_leaf': 2, 'model__min_samples_split': 10, 'model__n_estimators': 100, 'oversampler': 'passthrough', 'preprocessing__scaler': 'passthrough', 'preprocessing__vectorizer': TfidfVectorizer(min_df=7), 'undersampler': 'passthrough'}"
CountVectorizer(min_df=7),passthrough,passthrough,passthrough,100,entropy,7,10,2,sqrt,0.3458,0.0058,71,0.7416,0.004,0.7478,0.7375,0.7385,0.7446,0.7395,7.5414,0.0787,"{'model__criterion': 'entropy', 'model__max_depth': 7, 'model__max_features': 'sqrt', 'model__min_samples_leaf': 2, 'model__min_samples_split': 10, 'model__n_estimators': 100, 'oversampler': 'passthrough', 'preprocessing__scaler': 'passthrough', 'preprocessing__vectorizer': CountVectorizer(min_df=7), 'undersampler': 'passthrough'}"
TfidfVectorizer(min_df=7),passthrough,passthrough,passthrough,50,entropy,7,5,2,sqrt,0.3157,0.0107,72,0.7416,0.0092,0.7433,0.7316,0.7506,0.7521,0.7301,5.0258,0.1097,"{'model__criterion': 'entropy', 'model__max_depth': 7, 'model__max_features': 'sqrt', 'model__min_samples_leaf': 2, 'model__min_samples_split': 5, 'model__n_estimators': 50, 'oversampler': 'passthrough', 'preprocessing__scaler': 'passthrough', 'preprocessing__vectorizer': TfidfVectorizer(min_df=7), 'undersampler': 'passthrough'}"
TfidfVectorizer(min_df=7),passthrough,passthrough,passthrough,50,entropy,7,10,2,sqrt,0.2954,0.0084,73,0.7412,0.0082,0.7426,0.7314,0.7493,0.7506,0.7322,4.7092,0.0223,"{'model__criterion': 'entropy', 'model__max_depth': 7, 'model__max_features': 'sqrt', 'model__min_samples_leaf': 2, 'model__min_samples_split': 10, 'model__n_estimators': 50, 'oversampler': 'passthrough', 'preprocessing__scaler': 'passthrough', 'preprocessing__vectorizer': TfidfVectorizer(min_df=7), 'undersampler': 'passthrough'}"
TfidfVectorizer(min_df=7),passthrough,passthrough,passthrough,100,gini,7,10,5,sqrt,0.3638,0.0463,74,0.7411,0.0056,0.7478,0.7338,0.7394,0.7476,0.737,7.5881,0.1093,"{'model__criterion': 'gini', 'model__max_depth': 7, 'model__max_features': 'sqrt', 'model__min_samples_leaf': 5, 'model__min_samples_split': 10, 'model__n_estimators': 100, 'oversampler': 'passthrough', 'preprocessing__scaler': 'passthrough', 'preprocessing__vectorizer': TfidfVectorizer(min_df=7), 'undersampler': 'passthrough'}"
TfidfVectorizer(min_df=7),passthrough,passthrough,passthrough,100,gini,7,5,5,sqrt,0.3101,0.015,74,0.7411,0.0056,0.7478,0.7338,0.7394,0.7476,0.737,7.5113,0.0404,"{'model__criterion': 'gini', 'model__max_depth': 7, 'model__max_features': 'sqrt', 'model__min_samples_leaf': 5, 'model__min_samples_split': 5, 'model__n_estimators': 100, 'oversampler': 'passthrough', 'preprocessing__scaler': 'passthrough', 'preprocessing__vectorizer': TfidfVectorizer(min_df=7), 'undersampler': 'passthrough'}"
TfidfVectorizer(min_df=7),passthrough,passthrough,passthrough,100,entropy,7,5,2,sqrt,0.3651,0.0196,76,0.7409,0.0071,0.7498,0.7305,0.7395,0.7478,0.7367,8.3529,0.0372,"{'model__criterion': 'entropy', 'model__max_depth': 7, 'model__max_features': 'sqrt', 'model__min_samples_leaf': 2, 'model__min_samples_split': 5, 'model__n_estimators': 100, 'oversampler': 'passthrough', 'preprocessing__scaler': 'passthrough', 'preprocessing__vectorizer': TfidfVectorizer(min_df=7), 'undersampler': 'passthrough'}"
TfidfVectorizer(min_df=7),passthrough,passthrough,passthrough,100,entropy,7,5,5,sqrt,0.4506,0.0157,77,0.7403,0.0072,0.7475,0.731,0.739,0.7495,0.7346,9.616,0.1074,"{'model__criterion': 'entropy', 'model__max_depth': 7, 'model__max_features': 'sqrt', 'model__min_samples_leaf': 5, 'model__min_samples_split': 5, 'model__n_estimators': 100, 'oversampler': 'passthrough', 'preprocessing__scaler': 'passthrough', 'preprocessing__vectorizer': TfidfVectorizer(min_df=7), 'undersampler': 'passthrough'}"
TfidfVectorizer(min_df=7),passthrough,passthrough,passthrough,100,entropy,7,10,5,sqrt,0.4728,0.01,77,0.7403,0.0072,0.7475,0.731,0.739,0.7495,0.7346,10.35,0.0722,"{'model__criterion': 'entropy', 'model__max_depth': 7, 'model__max_features': 'sqrt', 'model__min_samples_leaf': 5, 'model__min_samples_split': 10, 'model__n_estimators': 100, 'oversampler': 'passthrough', 'preprocessing__scaler': 'passthrough', 'preprocessing__vectorizer': TfidfVectorizer(min_df=7), 'undersampler': 'passthrough'}"
CountVectorizer(min_df=7),passthrough,passthrough,passthrough,100,entropy,7,10,5,sqrt,0.4434,0.0182,79,0.7403,0.0059,0.7478,0.734,0.7335,0.7461,0.7401,9.5706,0.0968,"{'model__criterion': 'entropy', 'model__max_depth': 7, 'model__max_features': 'sqrt', 'model__min_samples_leaf': 5, 'model__min_samples_split': 10, 'model__n_estimators': 100, 'oversampler': 'passthrough', 'preprocessing__scaler': 'passthrough', 'preprocessing__vectorizer': CountVectorizer(min_df=7), 'undersampler': 'passthrough'}"
CountVectorizer(min_df=7),passthrough,passthrough,passthrough,100,entropy,7,5,5,sqrt,0.4253,0.019,79,0.7403,0.0059,0.7478,0.734,0.7335,0.7461,0.7401,8.7511,0.1364,"{'model__criterion': 'entropy', 'model__max_depth': 7, 'model__max_features': 'sqrt', 'model__min_samples_leaf': 5, 'model__min_samples_split': 5, 'model__n_estimators': 100, 'oversampler': 'passthrough', 'preprocessing__scaler': 'passthrough', 'preprocessing__vectorizer': CountVectorizer(min_df=7), 'undersampler': 'passthrough'}"
TfidfVectorizer(min_df=7),passthrough,passthrough,passthrough,50,gini,7,10,5,sqrt,0.3606,0.0648,81,0.7402,0.0073,0.7406,0.7373,0.7407,0.7524,0.7298,4.169,0.0839,"{'model__criterion': 'gini', 'model__max_depth': 7, 'model__max_features': 'sqrt', 'model__min_samples_leaf': 5, 'model__min_samples_split': 10, 'model__n_estimators': 50, 'oversampler': 'passthrough', 'preprocessing__scaler': 'passthrough', 'preprocessing__vectorizer': TfidfVectorizer(min_df=7), 'undersampler': 'passthrough'}"
TfidfVectorizer(min_df=7),passthrough,passthrough,passthrough,50,gini,7,5,5,sqrt,0.272,0.0047,81,0.7402,0.0073,0.7406,0.7373,0.7407,0.7524,0.7298,4.1779,0.024,"{'model__criterion': 'gini', 'model__max_depth': 7, 'model__max_features': 'sqrt', 'model__min_samples_leaf': 5, 'model__min_samples_split': 5, 'model__n_estimators': 50, 'oversampler': 'passthrough', 'preprocessing__scaler': 'passthrough', 'preprocessing__vectorizer': TfidfVectorizer(min_df=7), 'undersampler': 'passthrough'}"
TfidfVectorizer(min_df=7),passthrough,passthrough,passthrough,50,entropy,7,10,5,sqrt,0.3932,0.0271,83,0.7401,0.0112,0.7454,0.732,0.7458,0.7544,0.7228,5.8066,0.0521,"{'model__criterion': 'entropy', 'model__max_depth': 7, 'model__max_features': 'sqrt', 'model__min_samples_leaf': 5, 'model__min_samples_split': 10, 'model__n_estimators': 50, 'oversampler': 'passthrough', 'preprocessing__scaler': 'passthrough', 'preprocessing__vectorizer': TfidfVectorizer(min_df=7), 'undersampler': 'passthrough'}"
TfidfVectorizer(min_df=7),passthrough,passthrough,passthrough,50,entropy,7,5,5,sqrt,0.3457,0.0239,83,0.7401,0.0112,0.7454,0.732,0.7458,0.7544,0.7228,4.7839,0.103,"{'model__criterion': 'entropy', 'model__max_depth': 7, 'model__max_features': 'sqrt', 'model__min_samples_leaf': 5, 'model__min_samples_split': 5, 'model__n_estimators': 50, 'oversampler': 'passthrough', 'preprocessing__scaler': 'passthrough', 'preprocessing__vectorizer': TfidfVectorizer(min_df=7), 'undersampler': 'passthrough'}"
CountVectorizer(min_df=7),passthrough,passthrough,passthrough,50,gini,7,10,2,sqrt,0.3076,0.0848,85,0.739,0.0061,0.7404,0.7349,0.7419,0.7478,0.7298,3.81,0.1367,"{'model__criterion': 'gini', 'model__max_depth': 7, 'model__max_features': 'sqrt', 'model__min_samples_leaf': 2, 'model__min_samples_split': 10, 'model__n_estimators': 50, 'oversampler': 'passthrough', 'preprocessing__scaler': 'passthrough', 'preprocessing__vectorizer': CountVectorizer(min_df=7), 'undersampler': 'passthrough'}"
CountVectorizer(min_df=7),passthrough,passthrough,passthrough,100,gini,7,10,2,sqrt,0.4228,0.0155,86,0.7387,0.0048,0.7437,0.7338,0.7329,0.7445,0.7385,6.8563,0.0491,"{'model__criterion': 'gini', 'model__max_depth': 7, 'model__max_features': 'sqrt', 'model__min_samples_leaf': 2, 'model__min_samples_split': 10, 'model__n_estimators': 100, 'oversampler': 'passthrough', 'preprocessing__scaler': 'passthrough', 'preprocessing__vectorizer': CountVectorizer(min_df=7), 'undersampler': 'passthrough'}"
CountVectorizer(min_df=7),passthrough,passthrough,passthrough,100,gini,7,5,5,sqrt,0.3827,0.0411,87,0.7386,0.006,0.7429,0.732,0.7317,0.747,0.7393,6.9374,0.1152,"{'model__criterion': 'gini', 'model__max_depth': 7, 'model__max_features': 'sqrt', 'model__min_samples_leaf': 5, 'model__min_samples_split': 5, 'model__n_estimators': 100, 'oversampler': 'passthrough', 'preprocessing__scaler': 'passthrough', 'preprocessing__vectorizer': CountVectorizer(min_df=7), 'undersampler': 'passthrough'}"
CountVectorizer(min_df=7),passthrough,passthrough,passthrough,100,gini,7,10,5,sqrt,0.324,0.0107,87,0.7386,0.006,0.7429,0.732,0.7317,0.747,0.7393,7.2275,0.0359,"{'model__criterion': 'gini', 'model__max_depth': 7, 'model__max_features': 'sqrt', 'model__min_samples_leaf': 5, 'model__min_samples_split': 10, 'model__n_estimators': 100, 'oversampler': 'passthrough', 'preprocessing__scaler': 'passthrough', 'preprocessing__vectorizer': CountVectorizer(min_df=7), 'undersampler': 'passthrough'}"
CountVectorizer(min_df=7),passthrough,passthrough,passthrough,100,gini,7,5,2,sqrt,0.2837,0.0145,89,0.7386,0.0052,0.7434,0.7329,0.7337,0.7458,0.7369,6.5699,0.3983,"{'model__criterion': 'gini', 'model__max_depth': 7, 'model__max_features': 'sqrt', 'model__min_samples_leaf': 2, 'model__min_samples_split': 5, 'model__n_estimators': 100, 'oversampler': 'passthrough', 'preprocessing__scaler': 'passthrough', 'preprocessing__vectorizer': CountVectorizer(min_df=7), 'undersampler': 'passthrough'}"
CountVectorizer(min_df=7),passthrough,passthrough,passthrough,50,entropy,7,5,2,sqrt,0.3375,0.0271,90,0.7382,0.0052,0.736,0.7342,0.7432,0.7454,0.7322,5.0661,0.1792,"{'model__criterion': 'entropy', 'model__max_depth': 7, 'model__max_features': 'sqrt', 'model__min_samples_leaf': 2, 'model__min_samples_split': 5, 'model__n_estimators': 50, 'oversampler': 'passthrough', 'preprocessing__scaler': 'passthrough', 'preprocessing__vectorizer': CountVectorizer(min_df=7), 'undersampler': 'passthrough'}"
CountVectorizer(min_df=7),passthrough,passthrough,passthrough,50,gini,7,5,2,sqrt,0.2189,0.008,91,0.7379,0.0053,0.7413,0.7321,0.7406,0.7442,0.7311,3.2158,0.0149,"{'model__criterion': 'gini', 'model__max_depth': 7, 'model__max_features': 'sqrt', 'model__min_samples_leaf': 2, 'model__min_samples_split': 5, 'model__n_estimators': 50, 'oversampler': 'passthrough', 'preprocessing__scaler': 'passthrough', 'preprocessing__vectorizer': CountVectorizer(min_df=7), 'undersampler': 'passthrough'}"
CountVectorizer(min_df=7),passthrough,passthrough,passthrough,50,entropy,7,10,2,sqrt,0.3141,0.029,92,0.7374,0.0067,0.7356,0.7346,0.7423,0.7471,0.7275,4.382,0.0566,"{'model__criterion': 'entropy', 'model__max_depth': 7, 'model__max_features': 'sqrt', 'model__min_samples_leaf': 2, 'model__min_samples_split': 10, 'model__n_estimators': 50, 'oversampler': 'passthrough', 'preprocessing__scaler': 'passthrough', 'preprocessing__vectorizer': CountVectorizer(min_df=7), 'undersampler': 'passthrough'}"
CountVectorizer(min_df=7),passthrough,passthrough,passthrough,50,entropy,7,5,5,sqrt,0.3039,0.0095,93,0.7372,0.0087,0.7337,0.7323,0.7372,0.7539,0.7291,4.3075,0.092,"{'model__criterion': 'entropy', 'model__max_depth': 7, 'model__max_features': 'sqrt', 'model__min_samples_leaf': 5, 'model__min_samples_split': 5, 'model__n_estimators': 50, 'oversampler': 'passthrough', 'preprocessing__scaler': 'passthrough', 'preprocessing__vectorizer': CountVectorizer(min_df=7), 'undersampler': 'passthrough'}"
CountVectorizer(min_df=7),passthrough,passthrough,passthrough,50,entropy,7,10,5,sqrt,0.37,0.0125,93,0.7372,0.0087,0.7337,0.7323,0.7372,0.7539,0.7291,5.2585,0.0763,"{'model__criterion': 'entropy', 'model__max_depth': 7, 'model__max_features': 'sqrt', 'model__min_samples_leaf': 5, 'model__min_samples_split': 10, 'model__n_estimators': 50, 'oversampler': 'passthrough', 'preprocessing__scaler': 'passthrough', 'preprocessing__vectorizer': CountVectorizer(min_df=7), 'undersampler': 'passthrough'}"
CountVectorizer(min_df=7),passthrough,passthrough,passthrough,50,gini,7,10,5,sqrt,0.2984,0.0496,95,0.7367,0.006,0.7377,0.735,0.7336,0.7474,0.7297,4.0616,0.1002,"{'model__criterion': 'gini', 'model__max_depth': 7, 'model__max_features': 'sqrt', 'model__min_samples_leaf': 5, 'model__min_samples_split': 10, 'model__n_estimators': 50, 'oversampler': 'passthrough', 'preprocessing__scaler': 'passthrough', 'preprocessing__vectorizer': CountVectorizer(min_df=7), 'undersampler': 'passthrough'}"
CountVectorizer(min_df=7),passthrough,passthrough,passthrough,50,gini,7,5,5,sqrt,0.2488,0.0067,95,0.7367,0.006,0.7377,0.735,0.7336,0.7474,0.7297,4.1077,0.0705,"{'model__criterion': 'gini', 'model__max_depth': 7, 'model__max_features': 'sqrt', 'model__min_samples_leaf': 5, 'model__min_samples_split': 5, 'model__n_estimators': 50, 'oversampler': 'passthrough', 'preprocessing__scaler': 'passthrough', 'preprocessing__vectorizer': CountVectorizer(min_df=7), 'undersampler': 'passthrough'}"
