vectorizer,scaler,n_estimators,max_depth,learning_rate,subsample,colsample_bytree,scale_pos_weight,mean_score_time,std_score_time,rank_test_score,mean_test_score,std_test_score,split0_test_score,split1_test_score,split2_test_score,split3_test_score,split4_test_score,mean_fit_time,std_fit_time,params
CountVectorizer(min_df=7),passthrough,300,6,0.1,0.8,0.8,1,0.7463,0.0891,1,0.8382,0.0047,0.8354,0.8355,0.8473,0.8344,0.8385,11.1056,0.6644,"{'model__colsample_bytree': 0.8, 'model__learning_rate': 0.1, 'model__max_depth': 6, 'model__n_estimators': 300, 'model__scale_pos_weight': 1, 'model__subsample': 0.8, 'preprocessing__scaler': 'passthrough', 'preprocessing__vectorizer': CountVectorizer(min_df=7)}"
CountVectorizer(min_df=7),passthrough,300,6,0.1,0.8,0.8,1.5,0.6145,0.0222,2,0.8379,0.0053,0.832,0.8322,0.846,0.8388,0.8404,9.4612,0.1333,"{'model__colsample_bytree': 0.8, 'model__learning_rate': 0.1, 'model__max_depth': 6, 'model__n_estimators': 300, 'model__scale_pos_weight': 1.5, 'model__subsample': 0.8, 'preprocessing__scaler': 'passthrough', 'preprocessing__vectorizer': CountVectorizer(min_df=7)}"
CountVectorizer(min_df=7),passthrough,300,6,0.1,0.8,1.0,1.5,0.8647,0.0124,3,0.8376,0.0055,0.8291,0.8343,0.8449,0.8389,0.8411,14.3176,0.3477,"{'model__colsample_bytree': 1.0, 'model__learning_rate': 0.1, 'model__max_depth': 6, 'model__n_estimators': 300, 'model__scale_pos_weight': 1.5, 'model__subsample': 0.8, 'preprocessing__scaler': 'passthrough', 'preprocessing__vectorizer': CountVectorizer(min_df=7)}"
CountVectorizer(min_df=7),passthrough,300,6,0.1,1.0,0.8,1,0.6098,0.0071,4,0.8372,0.0044,0.837,0.8333,0.8443,0.832,0.8394,9.7193,0.1968,"{'model__colsample_bytree': 0.8, 'model__learning_rate': 0.1, 'model__max_depth': 6, 'model__n_estimators': 300, 'model__scale_pos_weight': 1, 'model__subsample': 1.0, 'preprocessing__scaler': 'passthrough', 'preprocessing__vectorizer': CountVectorizer(min_df=7)}"
TfidfVectorizer(min_df=7),passthrough,300,6,0.1,0.8,1.0,1.5,0.6371,0.0742,5,0.8366,0.0054,0.8311,0.8305,0.8426,0.8362,0.8429,103.7319,5.72,"{'model__colsample_bytree': 1.0, 'model__learning_rate': 0.1, 'model__max_depth': 6, 'model__n_estimators': 300, 'model__scale_pos_weight': 1.5, 'model__subsample': 0.8, 'preprocessing__scaler': 'passthrough', 'preprocessing__vectorizer': TfidfVectorizer(min_df=7)}"
TfidfVectorizer(min_df=7),passthrough,300,6,0.1,0.8,0.8,1.5,0.9906,0.2684,6,0.8366,0.0063,0.8289,0.8305,0.8456,0.8375,0.8408,85.4305,2.4853,"{'model__colsample_bytree': 0.8, 'model__learning_rate': 0.1, 'model__max_depth': 6, 'model__n_estimators': 300, 'model__scale_pos_weight': 1.5, 'model__subsample': 0.8, 'preprocessing__scaler': 'passthrough', 'preprocessing__vectorizer': TfidfVectorizer(min_df=7)}"
CountVectorizer(min_df=7),passthrough,300,6,0.1,0.8,1.0,1,0.8974,0.088,7,0.8364,0.0047,0.8321,0.8338,0.8451,0.8338,0.8371,14.5663,0.3775,"{'model__colsample_bytree': 1.0, 'model__learning_rate': 0.1, 'model__max_depth': 6, 'model__n_estimators': 300, 'model__scale_pos_weight': 1, 'model__subsample': 0.8, 'preprocessing__scaler': 'passthrough', 'preprocessing__vectorizer': CountVectorizer(min_df=7)}"
TfidfVectorizer(min_df=7),passthrough,300,6,0.1,0.8,1.0,1,0.8064,0.0111,8,0.8362,0.0034,0.8319,0.8355,0.8409,0.8333,0.8392,111.0646,0.9866,"{'model__colsample_bytree': 1.0, 'model__learning_rate': 0.1, 'model__max_depth': 6, 'model__n_estimators': 300, 'model__scale_pos_weight': 1, 'model__subsample': 0.8, 'preprocessing__scaler': 'passthrough', 'preprocessing__vectorizer': TfidfVectorizer(min_df=7)}"
CountVectorizer(min_df=7),passthrough,300,6,0.1,1.0,1.0,1.5,0.7958,0.1182,9,0.836,0.0061,0.8279,0.8302,0.8441,0.8376,0.8403,13.2922,0.4874,"{'model__colsample_bytree': 1.0, 'model__learning_rate': 0.1, 'model__max_depth': 6, 'model__n_estimators': 300, 'model__scale_pos_weight': 1.5, 'model__subsample': 1.0, 'preprocessing__scaler': 'passthrough', 'preprocessing__vectorizer': CountVectorizer(min_df=7)}"
TfidfVectorizer(min_df=7),passthrough,300,6,0.1,0.8,0.8,1,0.6481,0.0082,10,0.8355,0.0047,0.8325,0.8342,0.8422,0.829,0.8394,74.3864,0.4474,"{'model__colsample_bytree': 0.8, 'model__learning_rate': 0.1, 'model__max_depth': 6, 'model__n_estimators': 300, 'model__scale_pos_weight': 1, 'model__subsample': 0.8, 'preprocessing__scaler': 'passthrough', 'preprocessing__vectorizer': TfidfVectorizer(min_df=7)}"
CountVectorizer(min_df=7),passthrough,300,6,0.1,1.0,1.0,1,0.7857,0.0894,11,0.8354,0.0032,0.8339,0.8328,0.8416,0.8341,0.8348,12.0598,0.23,"{'model__colsample_bytree': 1.0, 'model__learning_rate': 0.1, 'model__max_depth': 6, 'model__n_estimators': 300, 'model__scale_pos_weight': 1, 'model__subsample': 1.0, 'preprocessing__scaler': 'passthrough', 'preprocessing__vectorizer': CountVectorizer(min_df=7)}"
CountVectorizer(min_df=7),passthrough,300,6,0.1,1.0,0.8,1.5,0.7221,0.0292,12,0.8352,0.0054,0.8284,0.8302,0.8436,0.8372,0.8363,11.2297,0.42,"{'model__colsample_bytree': 0.8, 'model__learning_rate': 0.1, 'model__max_depth': 6, 'model__n_estimators': 300, 'model__scale_pos_weight': 1.5, 'model__subsample': 1.0, 'preprocessing__scaler': 'passthrough', 'preprocessing__vectorizer': CountVectorizer(min_df=7)}"
TfidfVectorizer(min_df=7),passthrough,300,6,0.1,1.0,0.8,1,0.8022,0.0435,13,0.8347,0.0051,0.8288,0.8329,0.8427,0.8309,0.8382,75.5432,0.6459,"{'model__colsample_bytree': 0.8, 'model__learning_rate': 0.1, 'model__max_depth': 6, 'model__n_estimators': 300, 'model__scale_pos_weight': 1, 'model__subsample': 1.0, 'preprocessing__scaler': 'passthrough', 'preprocessing__vectorizer': TfidfVectorizer(min_df=7)}"
TfidfVectorizer(min_df=7),passthrough,300,6,0.1,1.0,1.0,1.5,0.4357,0.0441,14,0.8337,0.0052,0.8285,0.8308,0.8397,0.8292,0.8404,81.1403,1.4393,"{'model__colsample_bytree': 1.0, 'model__learning_rate': 0.1, 'model__max_depth': 6, 'model__n_estimators': 300, 'model__scale_pos_weight': 1.5, 'model__subsample': 1.0, 'preprocessing__scaler': 'passthrough', 'preprocessing__vectorizer': TfidfVectorizer(min_df=7)}"
TfidfVectorizer(min_df=7),passthrough,300,6,0.1,1.0,1.0,1,0.8109,0.093,15,0.8333,0.004,0.8316,0.8332,0.8378,0.8268,0.8369,112.3579,0.8376,"{'model__colsample_bytree': 1.0, 'model__learning_rate': 0.1, 'model__max_depth': 6, 'model__n_estimators': 300, 'model__scale_pos_weight': 1, 'model__subsample': 1.0, 'preprocessing__scaler': 'passthrough', 'preprocessing__vectorizer': TfidfVectorizer(min_df=7)}"
TfidfVectorizer(min_df=7),passthrough,300,6,0.1,1.0,0.8,1.5,0.7609,0.0623,16,0.8333,0.0058,0.8263,0.8298,0.8405,0.8298,0.84,95.0755,0.4132,"{'model__colsample_bytree': 0.8, 'model__learning_rate': 0.1, 'model__max_depth': 6, 'model__n_estimators': 300, 'model__scale_pos_weight': 1.5, 'model__subsample': 1.0, 'preprocessing__scaler': 'passthrough', 'preprocessing__vectorizer': TfidfVectorizer(min_df=7)}"
CountVectorizer(min_df=7),passthrough,300,6,0.05,0.8,0.8,1.5,0.6472,0.1736,17,0.8252,0.0057,0.8162,0.8213,0.832,0.8275,0.8291,8.9083,0.0789,"{'model__colsample_bytree': 0.8, 'model__learning_rate': 0.05, 'model__max_depth': 6, 'model__n_estimators': 300, 'model__scale_pos_weight': 1.5, 'model__subsample': 0.8, 'preprocessing__scaler': 'passthrough', 'preprocessing__vectorizer': CountVectorizer(min_df=7)}"
TfidfVectorizer(min_df=7),passthrough,300,6,0.05,0.8,0.8,1.5,0.6935,0.1627,18,0.825,0.0065,0.819,0.8189,0.8311,0.8216,0.8343,90.9774,15.619,"{'model__colsample_bytree': 0.8, 'model__learning_rate': 0.05, 'model__max_depth': 6, 'model__n_estimators': 300, 'model__scale_pos_weight': 1.5, 'model__subsample': 0.8, 'preprocessing__scaler': 'passthrough', 'preprocessing__vectorizer': TfidfVectorizer(min_df=7)}"
CountVectorizer(min_df=7),passthrough,300,6,0.05,0.8,0.8,1,0.519,0.0611,19,0.8242,0.0055,0.8188,0.8197,0.8303,0.8208,0.8313,8.7042,0.0511,"{'model__colsample_bytree': 0.8, 'model__learning_rate': 0.05, 'model__max_depth': 6, 'model__n_estimators': 300, 'model__scale_pos_weight': 1, 'model__subsample': 0.8, 'preprocessing__scaler': 'passthrough', 'preprocessing__vectorizer': CountVectorizer(min_df=7)}"
TfidfVectorizer(min_df=7),passthrough,300,6,0.05,0.8,1.0,1.5,0.905,0.0969,20,0.8235,0.0065,0.8159,0.8208,0.8295,0.8184,0.8327,136.1555,2.2784,"{'model__colsample_bytree': 1.0, 'model__learning_rate': 0.05, 'model__max_depth': 6, 'model__n_estimators': 300, 'model__scale_pos_weight': 1.5, 'model__subsample': 0.8, 'preprocessing__scaler': 'passthrough', 'preprocessing__vectorizer': TfidfVectorizer(min_df=7)}"
CountVectorizer(min_df=7),passthrough,300,6,0.05,0.8,1.0,1,0.7815,0.0203,21,0.8234,0.0055,0.8181,0.8192,0.8286,0.8195,0.8314,14.1897,0.1164,"{'model__colsample_bytree': 1.0, 'model__learning_rate': 0.05, 'model__max_depth': 6, 'model__n_estimators': 300, 'model__scale_pos_weight': 1, 'model__subsample': 0.8, 'preprocessing__scaler': 'passthrough', 'preprocessing__vectorizer': CountVectorizer(min_df=7)}"
TfidfVectorizer(min_df=7),passthrough,300,6,0.05,1.0,0.8,1.5,1.0042,0.1537,22,0.8232,0.0079,0.8148,0.8161,0.8305,0.8199,0.8345,102.576,2.1186,"{'model__colsample_bytree': 0.8, 'model__learning_rate': 0.05, 'model__max_depth': 6, 'model__n_estimators': 300, 'model__scale_pos_weight': 1.5, 'model__subsample': 1.0, 'preprocessing__scaler': 'passthrough', 'preprocessing__vectorizer': TfidfVectorizer(min_df=7)}"
CountVectorizer(min_df=7),passthrough,300,6,0.05,0.8,1.0,1.5,0.7775,0.0413,23,0.8232,0.0056,0.8148,0.821,0.8298,0.8211,0.8291,15.0806,0.3654,"{'model__colsample_bytree': 1.0, 'model__learning_rate': 0.05, 'model__max_depth': 6, 'model__n_estimators': 300, 'model__scale_pos_weight': 1.5, 'model__subsample': 0.8, 'preprocessing__scaler': 'passthrough', 'preprocessing__vectorizer': CountVectorizer(min_df=7)}"
TfidfVectorizer(min_df=7),passthrough,300,6,0.05,0.8,0.8,1,6.9129,12.5731,24,0.823,0.0062,0.8216,0.8165,0.8309,0.8166,0.8296,93.805,16.2683,"{'model__colsample_bytree': 0.8, 'model__learning_rate': 0.05, 'model__max_depth': 6, 'model__n_estimators': 300, 'model__scale_pos_weight': 1, 'model__subsample': 0.8, 'preprocessing__scaler': 'passthrough', 'preprocessing__vectorizer': TfidfVectorizer(min_df=7)}"
CountVectorizer(min_df=7),passthrough,300,6,0.05,1.0,0.8,1,0.5383,0.0544,25,0.8228,0.0068,0.8194,0.8154,0.8287,0.8176,0.8328,8.7685,0.0362,"{'model__colsample_bytree': 0.8, 'model__learning_rate': 0.05, 'model__max_depth': 6, 'model__n_estimators': 300, 'model__scale_pos_weight': 1, 'model__subsample': 1.0, 'preprocessing__scaler': 'passthrough', 'preprocessing__vectorizer': CountVectorizer(min_df=7)}"
CountVectorizer(min_df=7),passthrough,300,6,0.05,1.0,0.8,1.5,0.4632,0.028,26,0.8226,0.0066,0.8152,0.8144,0.8271,0.8257,0.8305,8.4077,0.2609,"{'model__colsample_bytree': 0.8, 'model__learning_rate': 0.05, 'model__max_depth': 6, 'model__n_estimators': 300, 'model__scale_pos_weight': 1.5, 'model__subsample': 1.0, 'preprocessing__scaler': 'passthrough', 'preprocessing__vectorizer': CountVectorizer(min_df=7)}"
TfidfVectorizer(min_df=7),passthrough,300,6,0.05,0.8,1.0,1,0.7094,0.0255,27,0.8224,0.0059,0.8233,0.8162,0.8276,0.8153,0.8299,119.0799,0.9478,"{'model__colsample_bytree': 1.0, 'model__learning_rate': 0.05, 'model__max_depth': 6, 'model__n_estimators': 300, 'model__scale_pos_weight': 1, 'model__subsample': 0.8, 'preprocessing__scaler': 'passthrough', 'preprocessing__vectorizer': TfidfVectorizer(min_df=7)}"
CountVectorizer(min_df=7),passthrough,300,3,0.1,0.8,0.8,1.5,0.4365,0.0159,28,0.8223,0.0062,0.8136,0.8162,0.8284,0.8257,0.8278,4.9937,0.1475,"{'model__colsample_bytree': 0.8, 'model__learning_rate': 0.1, 'model__max_depth': 3, 'model__n_estimators': 300, 'model__scale_pos_weight': 1.5, 'model__subsample': 0.8, 'preprocessing__scaler': 'passthrough', 'preprocessing__vectorizer': CountVectorizer(min_df=7)}"
CountVectorizer(min_df=7),passthrough,300,6,0.05,1.0,1.0,1.5,1.0009,0.2333,29,0.8223,0.0061,0.8159,0.8147,0.8266,0.8234,0.8307,15.7967,1.9307,"{'model__colsample_bytree': 1.0, 'model__learning_rate': 0.05, 'model__max_depth': 6, 'model__n_estimators': 300, 'model__scale_pos_weight': 1.5, 'model__subsample': 1.0, 'preprocessing__scaler': 'passthrough', 'preprocessing__vectorizer': CountVectorizer(min_df=7)}"
TfidfVectorizer(min_df=7),passthrough,300,6,0.05,1.0,1.0,1.5,1.0236,0.0511,30,0.8215,0.0054,0.8167,0.8159,0.8257,0.8192,0.8298,146.5291,0.9502,"{'model__colsample_bytree': 1.0, 'model__learning_rate': 0.05, 'model__max_depth': 6, 'model__n_estimators': 300, 'model__scale_pos_weight': 1.5, 'model__subsample': 1.0, 'preprocessing__scaler': 'passthrough', 'preprocessing__vectorizer': TfidfVectorizer(min_df=7)}"
CountVectorizer(min_df=7),passthrough,300,6,0.05,1.0,1.0,1,0.742,0.0626,31,0.8213,0.0033,0.8181,0.8181,0.8244,0.8198,0.826,13.9584,0.331,"{'model__colsample_bytree': 1.0, 'model__learning_rate': 0.05, 'model__max_depth': 6, 'model__n_estimators': 300, 'model__scale_pos_weight': 1, 'model__subsample': 1.0, 'preprocessing__scaler': 'passthrough', 'preprocessing__vectorizer': CountVectorizer(min_df=7)}"
CountVectorizer(min_df=7),passthrough,300,3,0.1,0.8,1.0,1.5,0.5661,0.0316,32,0.8209,0.006,0.8108,0.8185,0.8264,0.8213,0.8273,6.8291,0.3816,"{'model__colsample_bytree': 1.0, 'model__learning_rate': 0.1, 'model__max_depth': 3, 'model__n_estimators': 300, 'model__scale_pos_weight': 1.5, 'model__subsample': 0.8, 'preprocessing__scaler': 'passthrough', 'preprocessing__vectorizer': CountVectorizer(min_df=7)}"
TfidfVectorizer(min_df=7),passthrough,300,3,0.1,0.8,0.8,1.5,0.5409,0.0654,33,0.8207,0.0079,0.8163,0.8096,0.8317,0.8186,0.8274,28.716,0.2359,"{'model__colsample_bytree': 0.8, 'model__learning_rate': 0.1, 'model__max_depth': 3, 'model__n_estimators': 300, 'model__scale_pos_weight': 1.5, 'model__subsample': 0.8, 'preprocessing__scaler': 'passthrough', 'preprocessing__vectorizer': TfidfVectorizer(min_df=7)}"
TfidfVectorizer(min_df=7),passthrough,300,6,0.05,1.0,0.8,1,0.5443,0.0286,34,0.8206,0.0073,0.8183,0.8161,0.8284,0.8106,0.8295,107.473,0.5629,"{'model__colsample_bytree': 0.8, 'model__learning_rate': 0.05, 'model__max_depth': 6, 'model__n_estimators': 300, 'model__scale_pos_weight': 1, 'model__subsample': 1.0, 'preprocessing__scaler': 'passthrough', 'preprocessing__vectorizer': TfidfVectorizer(min_df=7)}"
CountVectorizer(min_df=7),passthrough,300,3,0.1,0.8,0.8,1,0.6883,0.0607,35,0.8205,0.004,0.8194,0.8187,0.8257,0.8145,0.8243,7.7656,0.6043,"{'model__colsample_bytree': 0.8, 'model__learning_rate': 0.1, 'model__max_depth': 3, 'model__n_estimators': 300, 'model__scale_pos_weight': 1, 'model__subsample': 0.8, 'preprocessing__scaler': 'passthrough', 'preprocessing__vectorizer': CountVectorizer(min_df=7)}"
TfidfVectorizer(min_df=7),passthrough,300,3,0.1,0.8,0.8,1,0.443,0.0056,36,0.8199,0.0061,0.8188,0.8133,0.8294,0.814,0.8241,29.9568,0.9465,"{'model__colsample_bytree': 0.8, 'model__learning_rate': 0.1, 'model__max_depth': 3, 'model__n_estimators': 300, 'model__scale_pos_weight': 1, 'model__subsample': 0.8, 'preprocessing__scaler': 'passthrough', 'preprocessing__vectorizer': TfidfVectorizer(min_df=7)}"
CountVectorizer(min_df=7),passthrough,300,3,0.1,0.8,1.0,1,0.6871,0.0364,37,0.8198,0.004,0.817,0.8196,0.8246,0.814,0.8239,7.4272,0.2296,"{'model__colsample_bytree': 1.0, 'model__learning_rate': 0.1, 'model__max_depth': 3, 'model__n_estimators': 300, 'model__scale_pos_weight': 1, 'model__subsample': 0.8, 'preprocessing__scaler': 'passthrough', 'preprocessing__vectorizer': CountVectorizer(min_df=7)}"
TfidfVectorizer(min_df=7),passthrough,300,6,0.05,1.0,1.0,1,1.0138,0.0654,38,0.8197,0.0063,0.8207,0.814,0.8257,0.811,0.8272,121.9028,1.8122,"{'model__colsample_bytree': 1.0, 'model__learning_rate': 0.05, 'model__max_depth': 6, 'model__n_estimators': 300, 'model__scale_pos_weight': 1, 'model__subsample': 1.0, 'preprocessing__scaler': 'passthrough', 'preprocessing__vectorizer': TfidfVectorizer(min_df=7)}"
TfidfVectorizer(min_df=7),passthrough,300,3,0.1,0.8,1.0,1.5,0.642,0.0554,39,0.8195,0.0068,0.8117,0.8138,0.8263,0.8172,0.8286,44.3591,0.4897,"{'model__colsample_bytree': 1.0, 'model__learning_rate': 0.1, 'model__max_depth': 3, 'model__n_estimators': 300, 'model__scale_pos_weight': 1.5, 'model__subsample': 0.8, 'preprocessing__scaler': 'passthrough', 'preprocessing__vectorizer': TfidfVectorizer(min_df=7)}"
CountVectorizer(min_df=7),passthrough,300,3,0.1,1.0,0.8,1,0.5193,0.0135,40,0.8194,0.0055,0.8142,0.8161,0.8282,0.8152,0.8235,5.7603,0.1129,"{'model__colsample_bytree': 0.8, 'model__learning_rate': 0.1, 'model__max_depth': 3, 'model__n_estimators': 300, 'model__scale_pos_weight': 1, 'model__subsample': 1.0, 'preprocessing__scaler': 'passthrough', 'preprocessing__vectorizer': CountVectorizer(min_df=7)}"
CountVectorizer(min_df=7),passthrough,300,3,0.1,1.0,0.8,1.5,0.4301,0.0224,41,0.8194,0.0053,0.8129,0.8165,0.8273,0.8166,0.8236,4.7238,0.0944,"{'model__colsample_bytree': 0.8, 'model__learning_rate': 0.1, 'model__max_depth': 3, 'model__n_estimators': 300, 'model__scale_pos_weight': 1.5, 'model__subsample': 1.0, 'preprocessing__scaler': 'passthrough', 'preprocessing__vectorizer': CountVectorizer(min_df=7)}"
TfidfVectorizer(min_df=7),passthrough,300,3,0.1,1.0,0.8,1.5,0.4767,0.007,42,0.8192,0.0077,0.8123,0.8123,0.8255,0.8146,0.8311,29.6978,0.2551,"{'model__colsample_bytree': 0.8, 'model__learning_rate': 0.1, 'model__max_depth': 3, 'model__n_estimators': 300, 'model__scale_pos_weight': 1.5, 'model__subsample': 1.0, 'preprocessing__scaler': 'passthrough', 'preprocessing__vectorizer': TfidfVectorizer(min_df=7)}"
TfidfVectorizer(min_df=7),passthrough,300,3,0.1,0.8,1.0,1,0.5813,0.0139,43,0.8189,0.0063,0.8202,0.8147,0.8242,0.8089,0.8262,46.976,0.2158,"{'model__colsample_bytree': 1.0, 'model__learning_rate': 0.1, 'model__max_depth': 3, 'model__n_estimators': 300, 'model__scale_pos_weight': 1, 'model__subsample': 0.8, 'preprocessing__scaler': 'passthrough', 'preprocessing__vectorizer': TfidfVectorizer(min_df=7)}"
CountVectorizer(min_df=7),passthrough,300,3,0.1,1.0,1.0,1.5,0.5617,0.019,44,0.8183,0.0052,0.8085,0.8182,0.8221,0.8198,0.8229,6.2669,0.0487,"{'model__colsample_bytree': 1.0, 'model__learning_rate': 0.1, 'model__max_depth': 3, 'model__n_estimators': 300, 'model__scale_pos_weight': 1.5, 'model__subsample': 1.0, 'preprocessing__scaler': 'passthrough', 'preprocessing__vectorizer': CountVectorizer(min_df=7)}"
CountVectorizer(min_df=7),passthrough,300,3,0.1,1.0,1.0,1,0.6626,0.031,45,0.8179,0.005,0.8138,0.8156,0.8252,0.8122,0.8224,7.7061,0.134,"{'model__colsample_bytree': 1.0, 'model__learning_rate': 0.1, 'model__max_depth': 3, 'model__n_estimators': 300, 'model__scale_pos_weight': 1, 'model__subsample': 1.0, 'preprocessing__scaler': 'passthrough', 'preprocessing__vectorizer': CountVectorizer(min_df=7)}"
TfidfVectorizer(min_df=7),passthrough,300,3,0.1,1.0,1.0,1.5,0.6531,0.0445,46,0.8175,0.0064,0.8107,0.8124,0.821,0.8152,0.8283,46.1238,0.1524,"{'model__colsample_bytree': 1.0, 'model__learning_rate': 0.1, 'model__max_depth': 3, 'model__n_estimators': 300, 'model__scale_pos_weight': 1.5, 'model__subsample': 1.0, 'preprocessing__scaler': 'passthrough', 'preprocessing__vectorizer': TfidfVectorizer(min_df=7)}"
TfidfVectorizer(min_df=7),passthrough,300,3,0.1,1.0,0.8,1,0.492,0.0766,47,0.8166,0.0064,0.8143,0.8136,0.8241,0.8074,0.8236,28.8777,0.2681,"{'model__colsample_bytree': 0.8, 'model__learning_rate': 0.1, 'model__max_depth': 3, 'model__n_estimators': 300, 'model__scale_pos_weight': 1, 'model__subsample': 1.0, 'preprocessing__scaler': 'passthrough', 'preprocessing__vectorizer': TfidfVectorizer(min_df=7)}"
TfidfVectorizer(min_df=7),passthrough,300,3,0.1,1.0,1.0,1,0.5813,0.0145,48,0.8154,0.006,0.8143,0.8138,0.8198,0.8057,0.8233,44.3051,0.2075,"{'model__colsample_bytree': 1.0, 'model__learning_rate': 0.1, 'model__max_depth': 3, 'model__n_estimators': 300, 'model__scale_pos_weight': 1, 'model__subsample': 1.0, 'preprocessing__scaler': 'passthrough', 'preprocessing__vectorizer': TfidfVectorizer(min_df=7)}"
CountVectorizer(min_df=7),passthrough,100,6,0.1,0.8,0.8,1.5,0.4152,0.0517,49,0.8144,0.009,0.8042,0.8067,0.827,0.8112,0.8227,4.8951,0.0664,"{'model__colsample_bytree': 0.8, 'model__learning_rate': 0.1, 'model__max_depth': 6, 'model__n_estimators': 100, 'model__scale_pos_weight': 1.5, 'model__subsample': 0.8, 'preprocessing__scaler': 'passthrough', 'preprocessing__vectorizer': CountVectorizer(min_df=7)}"
CountVectorizer(min_df=7),passthrough,100,6,0.1,0.8,1.0,1.5,0.4898,0.0069,50,0.8139,0.0078,0.8046,0.8057,0.8222,0.814,0.8229,7.0032,0.0375,"{'model__colsample_bytree': 1.0, 'model__learning_rate': 0.1, 'model__max_depth': 6, 'model__n_estimators': 100, 'model__scale_pos_weight': 1.5, 'model__subsample': 0.8, 'preprocessing__scaler': 'passthrough', 'preprocessing__vectorizer': CountVectorizer(min_df=7)}"
TfidfVectorizer(min_df=7),passthrough,100,6,0.1,0.8,0.8,1.5,0.5737,0.0884,51,0.8138,0.0097,0.8007,0.8074,0.8238,0.8109,0.8262,39.1732,0.9534,"{'model__colsample_bytree': 0.8, 'model__learning_rate': 0.1, 'model__max_depth': 6, 'model__n_estimators': 100, 'model__scale_pos_weight': 1.5, 'model__subsample': 0.8, 'preprocessing__scaler': 'passthrough', 'preprocessing__vectorizer': TfidfVectorizer(min_df=7)}"
TfidfVectorizer(min_df=7),passthrough,100,6,0.1,1.0,0.8,1.5,0.4388,0.04,52,0.8135,0.0079,0.8079,0.8053,0.8213,0.8083,0.8247,40.9603,0.3879,"{'model__colsample_bytree': 0.8, 'model__learning_rate': 0.1, 'model__max_depth': 6, 'model__n_estimators': 100, 'model__scale_pos_weight': 1.5, 'model__subsample': 1.0, 'preprocessing__scaler': 'passthrough', 'preprocessing__vectorizer': TfidfVectorizer(min_df=7)}"
CountVectorizer(min_df=7),passthrough,100,6,0.1,0.8,1.0,1,0.4902,0.0072,53,0.8132,0.0062,0.8114,0.8092,0.8188,0.8049,0.8217,6.8348,0.1285,"{'model__colsample_bytree': 1.0, 'model__learning_rate': 0.1, 'model__max_depth': 6, 'model__n_estimators': 100, 'model__scale_pos_weight': 1, 'model__subsample': 0.8, 'preprocessing__scaler': 'passthrough', 'preprocessing__vectorizer': CountVectorizer(min_df=7)}"
CountVectorizer(min_df=7),passthrough,100,6,0.1,0.8,0.8,1,0.3817,0.0249,54,0.8125,0.007,0.8077,0.8095,0.8196,0.8038,0.8218,4.589,0.1718,"{'model__colsample_bytree': 0.8, 'model__learning_rate': 0.1, 'model__max_depth': 6, 'model__n_estimators': 100, 'model__scale_pos_weight': 1, 'model__subsample': 0.8, 'preprocessing__scaler': 'passthrough', 'preprocessing__vectorizer': CountVectorizer(min_df=7)}"
TfidfVectorizer(min_df=7),passthrough,100,6,0.1,0.8,1.0,1.5,0.6231,0.1057,55,0.812,0.0083,0.8036,0.8064,0.8179,0.8069,0.8254,55.5931,0.5579,"{'model__colsample_bytree': 1.0, 'model__learning_rate': 0.1, 'model__max_depth': 6, 'model__n_estimators': 100, 'model__scale_pos_weight': 1.5, 'model__subsample': 0.8, 'preprocessing__scaler': 'passthrough', 'preprocessing__vectorizer': TfidfVectorizer(min_df=7)}"
CountVectorizer(min_df=7),passthrough,100,6,0.1,1.0,0.8,1.5,0.4391,0.0128,56,0.8119,0.0071,0.8014,0.8066,0.8184,0.8126,0.8204,5.5607,0.2361,"{'model__colsample_bytree': 0.8, 'model__learning_rate': 0.1, 'model__max_depth': 6, 'model__n_estimators': 100, 'model__scale_pos_weight': 1.5, 'model__subsample': 1.0, 'preprocessing__scaler': 'passthrough', 'preprocessing__vectorizer': CountVectorizer(min_df=7)}"
TfidfVectorizer(min_df=7),passthrough,100,6,0.1,1.0,1.0,1.5,0.535,0.0708,57,0.8112,0.0083,0.8006,0.8073,0.8164,0.8075,0.8243,55.8574,0.288,"{'model__colsample_bytree': 1.0, 'model__learning_rate': 0.1, 'model__max_depth': 6, 'model__n_estimators': 100, 'model__scale_pos_weight': 1.5, 'model__subsample': 1.0, 'preprocessing__scaler': 'passthrough', 'preprocessing__vectorizer': TfidfVectorizer(min_df=7)}"
TfidfVectorizer(min_df=7),passthrough,100,6,0.1,0.8,1.0,1,0.5299,0.0095,58,0.8112,0.0062,0.809,0.8072,0.8144,0.804,0.8217,50.9224,0.36,"{'model__colsample_bytree': 1.0, 'model__learning_rate': 0.1, 'model__max_depth': 6, 'model__n_estimators': 100, 'model__scale_pos_weight': 1, 'model__subsample': 0.8, 'preprocessing__scaler': 'passthrough', 'preprocessing__vectorizer': TfidfVectorizer(min_df=7)}"
TfidfVectorizer(min_df=7),passthrough,100,6,0.1,0.8,0.8,1,0.4008,0.0152,59,0.8111,0.0065,0.809,0.8063,0.816,0.8033,0.821,34.0003,0.2522,"{'model__colsample_bytree': 0.8, 'model__learning_rate': 0.1, 'model__max_depth': 6, 'model__n_estimators': 100, 'model__scale_pos_weight': 1, 'model__subsample': 0.8, 'preprocessing__scaler': 'passthrough', 'preprocessing__vectorizer': TfidfVectorizer(min_df=7)}"
CountVectorizer(min_df=7),passthrough,100,6,0.1,1.0,1.0,1.5,0.5756,0.0901,60,0.8105,0.0094,0.7993,0.8,0.8198,0.8118,0.8215,7.2763,0.0907,"{'model__colsample_bytree': 1.0, 'model__learning_rate': 0.1, 'model__max_depth': 6, 'model__n_estimators': 100, 'model__scale_pos_weight': 1.5, 'model__subsample': 1.0, 'preprocessing__scaler': 'passthrough', 'preprocessing__vectorizer': CountVectorizer(min_df=7)}"
CountVectorizer(min_df=7),passthrough,100,6,0.1,1.0,1.0,1,0.5269,0.0222,61,0.8103,0.0075,0.8069,0.8056,0.8177,0.8009,0.8206,6.737,0.0747,"{'model__colsample_bytree': 1.0, 'model__learning_rate': 0.1, 'model__max_depth': 6, 'model__n_estimators': 100, 'model__scale_pos_weight': 1, 'model__subsample': 1.0, 'preprocessing__scaler': 'passthrough', 'preprocessing__vectorizer': CountVectorizer(min_df=7)}"
CountVectorizer(min_df=7),passthrough,100,6,0.1,1.0,0.8,1,0.4382,0.0515,62,0.81,0.0054,0.8078,0.8055,0.8145,0.8041,0.818,4.7979,0.0712,"{'model__colsample_bytree': 0.8, 'model__learning_rate': 0.1, 'model__max_depth': 6, 'model__n_estimators': 100, 'model__scale_pos_weight': 1, 'model__subsample': 1.0, 'preprocessing__scaler': 'passthrough', 'preprocessing__vectorizer': CountVectorizer(min_df=7)}"
TfidfVectorizer(min_df=7),passthrough,100,6,0.1,1.0,1.0,1,0.5909,0.0209,63,0.8099,0.0064,0.8092,0.8045,0.8105,0.8037,0.8215,54.0104,0.5593,"{'model__colsample_bytree': 1.0, 'model__learning_rate': 0.1, 'model__max_depth': 6, 'model__n_estimators': 100, 'model__scale_pos_weight': 1, 'model__subsample': 1.0, 'preprocessing__scaler': 'passthrough', 'preprocessing__vectorizer': TfidfVectorizer(min_df=7)}"
TfidfVectorizer(min_df=7),passthrough,100,6,0.1,1.0,0.8,1,0.477,0.0252,64,0.8091,0.0073,0.8041,0.8053,0.8159,0.8007,0.8195,36.2465,0.4195,"{'model__colsample_bytree': 0.8, 'model__learning_rate': 0.1, 'model__max_depth': 6, 'model__n_estimators': 100, 'model__scale_pos_weight': 1, 'model__subsample': 1.0, 'preprocessing__scaler': 'passthrough', 'preprocessing__vectorizer': TfidfVectorizer(min_df=7)}"
CountVectorizer(min_df=7),passthrough,300,3,0.05,0.8,0.8,1.5,0.3639,0.0036,65,0.803,0.0079,0.7904,0.802,0.8127,0.7999,0.8102,4.2695,0.0525,"{'model__colsample_bytree': 0.8, 'model__learning_rate': 0.05, 'model__max_depth': 3, 'model__n_estimators': 300, 'model__scale_pos_weight': 1.5, 'model__subsample': 0.8, 'preprocessing__scaler': 'passthrough', 'preprocessing__vectorizer': CountVectorizer(min_df=7)}"
CountVectorizer(min_df=7),passthrough,300,3,0.05,0.8,1.0,1.5,0.4592,0.0305,66,0.8017,0.0064,0.7926,0.804,0.8084,0.7958,0.8079,5.5477,0.1735,"{'model__colsample_bytree': 1.0, 'model__learning_rate': 0.05, 'model__max_depth': 3, 'model__n_estimators': 300, 'model__scale_pos_weight': 1.5, 'model__subsample': 0.8, 'preprocessing__scaler': 'passthrough', 'preprocessing__vectorizer': CountVectorizer(min_df=7)}"
TfidfVectorizer(min_df=7),passthrough,300,3,0.05,0.8,0.8,1.5,0.4406,0.0533,67,0.8012,0.0085,0.7904,0.7965,0.8115,0.7967,0.811,26.0509,0.1689,"{'model__colsample_bytree': 0.8, 'model__learning_rate': 0.05, 'model__max_depth': 3, 'model__n_estimators': 300, 'model__scale_pos_weight': 1.5, 'model__subsample': 0.8, 'preprocessing__scaler': 'passthrough', 'preprocessing__vectorizer': TfidfVectorizer(min_df=7)}"
CountVectorizer(min_df=7),passthrough,300,3,0.05,1.0,1.0,1.5,0.4886,0.0131,68,0.8008,0.007,0.7897,0.8018,0.8073,0.7968,0.8085,5.5717,0.0504,"{'model__colsample_bytree': 1.0, 'model__learning_rate': 0.05, 'model__max_depth': 3, 'model__n_estimators': 300, 'model__scale_pos_weight': 1.5, 'model__subsample': 1.0, 'preprocessing__scaler': 'passthrough', 'preprocessing__vectorizer': CountVectorizer(min_df=7)}"
TfidfVectorizer(min_df=7),passthrough,300,3,0.05,1.0,0.8,1.5,0.3968,0.0119,69,0.8003,0.0089,0.7896,0.798,0.8092,0.7925,0.8121,26.3734,0.1004,"{'model__colsample_bytree': 0.8, 'model__learning_rate': 0.05, 'model__max_depth': 3, 'model__n_estimators': 300, 'model__scale_pos_weight': 1.5, 'model__subsample': 1.0, 'preprocessing__scaler': 'passthrough', 'preprocessing__vectorizer': TfidfVectorizer(min_df=7)}"
CountVectorizer(min_df=7),passthrough,300,3,0.05,1.0,0.8,1.5,0.3812,0.0342,70,0.8002,0.0093,0.7846,0.7978,0.8096,0.7991,0.8099,4.2021,0.0538,"{'model__colsample_bytree': 0.8, 'model__learning_rate': 0.05, 'model__max_depth': 3, 'model__n_estimators': 300, 'model__scale_pos_weight': 1.5, 'model__subsample': 1.0, 'preprocessing__scaler': 'passthrough', 'preprocessing__vectorizer': CountVectorizer(min_df=7)}"
TfidfVectorizer(min_df=7),passthrough,300,3,0.05,0.8,1.0,1.5,0.593,0.0205,71,0.7999,0.0071,0.7904,0.7981,0.806,0.7954,0.8098,41.6679,0.9476,"{'model__colsample_bytree': 1.0, 'model__learning_rate': 0.05, 'model__max_depth': 3, 'model__n_estimators': 300, 'model__scale_pos_weight': 1.5, 'model__subsample': 0.8, 'preprocessing__scaler': 'passthrough', 'preprocessing__vectorizer': TfidfVectorizer(min_df=7)}"
TfidfVectorizer(min_df=7),passthrough,300,3,0.05,1.0,1.0,1.5,0.5277,0.0355,72,0.7987,0.0068,0.7896,0.7986,0.8037,0.7932,0.8084,44.5522,0.1806,"{'model__colsample_bytree': 1.0, 'model__learning_rate': 0.05, 'model__max_depth': 3, 'model__n_estimators': 300, 'model__scale_pos_weight': 1.5, 'model__subsample': 1.0, 'preprocessing__scaler': 'passthrough', 'preprocessing__vectorizer': TfidfVectorizer(min_df=7)}"
CountVectorizer(min_df=7),passthrough,300,3,0.05,0.8,0.8,1,0.3648,0.0071,73,0.7985,0.0064,0.7943,0.7957,0.8054,0.7905,0.8066,4.167,0.0284,"{'model__colsample_bytree': 0.8, 'model__learning_rate': 0.05, 'model__max_depth': 3, 'model__n_estimators': 300, 'model__scale_pos_weight': 1, 'model__subsample': 0.8, 'preprocessing__scaler': 'passthrough', 'preprocessing__vectorizer': CountVectorizer(min_df=7)}"
CountVectorizer(min_df=7),passthrough,300,3,0.05,0.8,1.0,1,0.4828,0.0321,74,0.7981,0.0071,0.7939,0.7978,0.8035,0.7875,0.8079,5.6572,0.1405,"{'model__colsample_bytree': 1.0, 'model__learning_rate': 0.05, 'model__max_depth': 3, 'model__n_estimators': 300, 'model__scale_pos_weight': 1, 'model__subsample': 0.8, 'preprocessing__scaler': 'passthrough', 'preprocessing__vectorizer': CountVectorizer(min_df=7)}"
TfidfVectorizer(min_df=7),passthrough,300,3,0.05,0.8,0.8,1,0.3926,0.0079,75,0.7973,0.0072,0.7939,0.7951,0.8036,0.7867,0.8069,25.1277,0.1309,"{'model__colsample_bytree': 0.8, 'model__learning_rate': 0.05, 'model__max_depth': 3, 'model__n_estimators': 300, 'model__scale_pos_weight': 1, 'model__subsample': 0.8, 'preprocessing__scaler': 'passthrough', 'preprocessing__vectorizer': TfidfVectorizer(min_df=7)}"
TfidfVectorizer(min_df=7),passthrough,300,3,0.05,0.8,1.0,1,0.5121,0.0579,76,0.7971,0.007,0.794,0.7949,0.8026,0.7869,0.8069,37.5056,0.1405,"{'model__colsample_bytree': 1.0, 'model__learning_rate': 0.05, 'model__max_depth': 3, 'model__n_estimators': 300, 'model__scale_pos_weight': 1, 'model__subsample': 0.8, 'preprocessing__scaler': 'passthrough', 'preprocessing__vectorizer': TfidfVectorizer(min_df=7)}"
CountVectorizer(min_df=7),passthrough,300,3,0.05,1.0,0.8,1,0.3673,0.0066,77,0.797,0.0068,0.7932,0.7954,0.803,0.7872,0.8059,4.1323,0.0344,"{'model__colsample_bytree': 0.8, 'model__learning_rate': 0.05, 'model__max_depth': 3, 'model__n_estimators': 300, 'model__scale_pos_weight': 1, 'model__subsample': 1.0, 'preprocessing__scaler': 'passthrough', 'preprocessing__vectorizer': CountVectorizer(min_df=7)}"
TfidfVectorizer(min_df=7),passthrough,300,3,0.05,1.0,0.8,1,0.3957,0.0085,78,0.7954,0.0078,0.7916,0.7931,0.8008,0.7844,0.8071,25.74,0.1462,"{'model__colsample_bytree': 0.8, 'model__learning_rate': 0.05, 'model__max_depth': 3, 'model__n_estimators': 300, 'model__scale_pos_weight': 1, 'model__subsample': 1.0, 'preprocessing__scaler': 'passthrough', 'preprocessing__vectorizer': TfidfVectorizer(min_df=7)}"
CountVectorizer(min_df=7),passthrough,300,3,0.05,1.0,1.0,1,0.474,0.0214,79,0.7953,0.0065,0.7922,0.7938,0.8012,0.7856,0.8037,5.4533,0.0896,"{'model__colsample_bytree': 1.0, 'model__learning_rate': 0.05, 'model__max_depth': 3, 'model__n_estimators': 300, 'model__scale_pos_weight': 1, 'model__subsample': 1.0, 'preprocessing__scaler': 'passthrough', 'preprocessing__vectorizer': CountVectorizer(min_df=7)}"
TfidfVectorizer(min_df=7),passthrough,300,3,0.05,1.0,1.0,1,0.5132,0.0146,80,0.795,0.0058,0.7942,0.794,0.7987,0.7853,0.8027,38.2313,0.1829,"{'model__colsample_bytree': 1.0, 'model__learning_rate': 0.05, 'model__max_depth': 3, 'model__n_estimators': 300, 'model__scale_pos_weight': 1, 'model__subsample': 1.0, 'preprocessing__scaler': 'passthrough', 'preprocessing__vectorizer': TfidfVectorizer(min_df=7)}"
CountVectorizer(min_df=7),passthrough,100,6,0.05,0.8,0.8,1.5,0.3191,0.0049,81,0.793,0.0081,0.7804,0.7889,0.8018,0.7924,0.8017,4.623,0.0402,"{'model__colsample_bytree': 0.8, 'model__learning_rate': 0.05, 'model__max_depth': 6, 'model__n_estimators': 100, 'model__scale_pos_weight': 1.5, 'model__subsample': 0.8, 'preprocessing__scaler': 'passthrough', 'preprocessing__vectorizer': CountVectorizer(min_df=7)}"
TfidfVectorizer(min_df=7),passthrough,100,6,0.05,0.8,0.8,1.5,0.3535,0.0138,82,0.7921,0.0095,0.7802,0.7851,0.804,0.789,0.8024,35.031,0.223,"{'model__colsample_bytree': 0.8, 'model__learning_rate': 0.05, 'model__max_depth': 6, 'model__n_estimators': 100, 'model__scale_pos_weight': 1.5, 'model__subsample': 0.8, 'preprocessing__scaler': 'passthrough', 'preprocessing__vectorizer': TfidfVectorizer(min_df=7)}"
CountVectorizer(min_df=7),passthrough,100,6,0.05,1.0,0.8,1.5,0.3436,0.0469,83,0.7921,0.0105,0.7774,0.7854,0.8034,0.7896,0.8047,4.4544,0.08,"{'model__colsample_bytree': 0.8, 'model__learning_rate': 0.05, 'model__max_depth': 6, 'model__n_estimators': 100, 'model__scale_pos_weight': 1.5, 'model__subsample': 1.0, 'preprocessing__scaler': 'passthrough', 'preprocessing__vectorizer': CountVectorizer(min_df=7)}"
TfidfVectorizer(min_df=7),passthrough,100,6,0.05,1.0,0.8,1.5,0.3391,0.0039,84,0.7913,0.0095,0.7794,0.7841,0.7999,0.7885,0.8048,37.0284,0.2077,"{'model__colsample_bytree': 0.8, 'model__learning_rate': 0.05, 'model__max_depth': 6, 'model__n_estimators': 100, 'model__scale_pos_weight': 1.5, 'model__subsample': 1.0, 'preprocessing__scaler': 'passthrough', 'preprocessing__vectorizer': TfidfVectorizer(min_df=7)}"
CountVectorizer(min_df=7),passthrough,100,6,0.05,0.8,1.0,1.5,0.41,0.0132,85,0.7911,0.01,0.778,0.7863,0.7999,0.7861,0.8053,6.0869,0.0503,"{'model__colsample_bytree': 1.0, 'model__learning_rate': 0.05, 'model__max_depth': 6, 'model__n_estimators': 100, 'model__scale_pos_weight': 1.5, 'model__subsample': 0.8, 'preprocessing__scaler': 'passthrough', 'preprocessing__vectorizer': CountVectorizer(min_df=7)}"
TfidfVectorizer(min_df=7),passthrough,100,6,0.05,0.8,1.0,1.5,0.5175,0.0126,86,0.7908,0.01,0.7794,0.7855,0.8002,0.784,0.805,57.0157,0.7858,"{'model__colsample_bytree': 1.0, 'model__learning_rate': 0.05, 'model__max_depth': 6, 'model__n_estimators': 100, 'model__scale_pos_weight': 1.5, 'model__subsample': 0.8, 'preprocessing__scaler': 'passthrough', 'preprocessing__vectorizer': TfidfVectorizer(min_df=7)}"
TfidfVectorizer(min_df=7),passthrough,100,6,0.05,1.0,1.0,1.5,0.5031,0.0336,87,0.7904,0.0086,0.7805,0.787,0.7974,0.7838,0.8034,61.8124,0.2502,"{'model__colsample_bytree': 1.0, 'model__learning_rate': 0.05, 'model__max_depth': 6, 'model__n_estimators': 100, 'model__scale_pos_weight': 1.5, 'model__subsample': 1.0, 'preprocessing__scaler': 'passthrough', 'preprocessing__vectorizer': TfidfVectorizer(min_df=7)}"
CountVectorizer(min_df=7),passthrough,100,6,0.05,1.0,0.8,1,0.3222,0.0119,88,0.7901,0.0079,0.7834,0.7852,0.7963,0.7831,0.8027,4.3554,0.0584,"{'model__colsample_bytree': 0.8, 'model__learning_rate': 0.05, 'model__max_depth': 6, 'model__n_estimators': 100, 'model__scale_pos_weight': 1, 'model__subsample': 1.0, 'preprocessing__scaler': 'passthrough', 'preprocessing__vectorizer': CountVectorizer(min_df=7)}"
CountVectorizer(min_df=7),passthrough,100,6,0.05,0.8,0.8,1,0.3236,0.0091,89,0.7901,0.0077,0.7832,0.7849,0.7975,0.7836,0.8011,4.2821,0.0294,"{'model__colsample_bytree': 0.8, 'model__learning_rate': 0.05, 'model__max_depth': 6, 'model__n_estimators': 100, 'model__scale_pos_weight': 1, 'model__subsample': 0.8, 'preprocessing__scaler': 'passthrough', 'preprocessing__vectorizer': CountVectorizer(min_df=7)}"
TfidfVectorizer(min_df=7),passthrough,100,6,0.05,0.8,0.8,1,0.3482,0.0152,90,0.7898,0.0092,0.7847,0.7832,0.7971,0.7799,0.8041,34.4127,0.2991,"{'model__colsample_bytree': 0.8, 'model__learning_rate': 0.05, 'model__max_depth': 6, 'model__n_estimators': 100, 'model__scale_pos_weight': 1, 'model__subsample': 0.8, 'preprocessing__scaler': 'passthrough', 'preprocessing__vectorizer': TfidfVectorizer(min_df=7)}"
TfidfVectorizer(min_df=7),passthrough,100,6,0.05,1.0,0.8,1,0.3863,0.0477,91,0.7894,0.0097,0.786,0.7816,0.7925,0.7801,0.8068,35.9387,0.2643,"{'model__colsample_bytree': 0.8, 'model__learning_rate': 0.05, 'model__max_depth': 6, 'model__n_estimators': 100, 'model__scale_pos_weight': 1, 'model__subsample': 1.0, 'preprocessing__scaler': 'passthrough', 'preprocessing__vectorizer': TfidfVectorizer(min_df=7)}"
CountVectorizer(min_df=7),passthrough,100,6,0.05,1.0,1.0,1.5,0.4669,0.0083,92,0.7892,0.0101,0.7755,0.7827,0.7978,0.7864,0.8033,6.9808,0.0891,"{'model__colsample_bytree': 1.0, 'model__learning_rate': 0.05, 'model__max_depth': 6, 'model__n_estimators': 100, 'model__scale_pos_weight': 1.5, 'model__subsample': 1.0, 'preprocessing__scaler': 'passthrough', 'preprocessing__vectorizer': CountVectorizer(min_df=7)}"
TfidfVectorizer(min_df=7),passthrough,100,6,0.05,1.0,1.0,1,0.5188,0.0193,93,0.789,0.0071,0.7884,0.7829,0.7913,0.7811,0.8012,54.3491,0.191,"{'model__colsample_bytree': 1.0, 'model__learning_rate': 0.05, 'model__max_depth': 6, 'model__n_estimators': 100, 'model__scale_pos_weight': 1, 'model__subsample': 1.0, 'preprocessing__scaler': 'passthrough', 'preprocessing__vectorizer': TfidfVectorizer(min_df=7)}"
CountVectorizer(min_df=7),passthrough,100,3,0.1,1.0,0.8,1.5,0.7665,0.0691,94,0.7886,0.009,0.7755,0.7896,0.8,0.7817,0.7962,5.9316,0.2525,"{'model__colsample_bytree': 0.8, 'model__learning_rate': 0.1, 'model__max_depth': 3, 'model__n_estimators': 100, 'model__scale_pos_weight': 1.5, 'model__subsample': 1.0, 'preprocessing__scaler': 'passthrough', 'preprocessing__vectorizer': CountVectorizer(min_df=7)}"
CountVectorizer(min_df=7),passthrough,100,6,0.05,0.8,1.0,1,0.4707,0.0247,95,0.7884,0.0065,0.7836,0.7834,0.7951,0.7826,0.7975,6.8247,0.2177,"{'model__colsample_bytree': 1.0, 'model__learning_rate': 0.05, 'model__max_depth': 6, 'model__n_estimators': 100, 'model__scale_pos_weight': 1, 'model__subsample': 0.8, 'preprocessing__scaler': 'passthrough', 'preprocessing__vectorizer': CountVectorizer(min_df=7)}"
CountVectorizer(min_df=7),passthrough,100,6,0.05,1.0,1.0,1,0.4345,0.0354,96,0.7879,0.0073,0.7831,0.7835,0.7938,0.78,0.7992,6.6922,0.391,"{'model__colsample_bytree': 1.0, 'model__learning_rate': 0.05, 'model__max_depth': 6, 'model__n_estimators': 100, 'model__scale_pos_weight': 1, 'model__subsample': 1.0, 'preprocessing__scaler': 'passthrough', 'preprocessing__vectorizer': CountVectorizer(min_df=7)}"
TfidfVectorizer(min_df=7),passthrough,100,6,0.05,0.8,1.0,1,0.4554,0.0099,97,0.7876,0.009,0.7808,0.7812,0.7925,0.7806,0.8031,52.2633,0.347,"{'model__colsample_bytree': 1.0, 'model__learning_rate': 0.05, 'model__max_depth': 6, 'model__n_estimators': 100, 'model__scale_pos_weight': 1, 'model__subsample': 0.8, 'preprocessing__scaler': 'passthrough', 'preprocessing__vectorizer': TfidfVectorizer(min_df=7)}"
TfidfVectorizer(min_df=7),passthrough,100,3,0.1,1.0,0.8,1.5,0.5551,0.0938,98,0.7875,0.0107,0.7742,0.7832,0.801,0.7797,0.7992,20.4995,0.531,"{'model__colsample_bytree': 0.8, 'model__learning_rate': 0.1, 'model__max_depth': 3, 'model__n_estimators': 100, 'model__scale_pos_weight': 1.5, 'model__subsample': 1.0, 'preprocessing__scaler': 'passthrough', 'preprocessing__vectorizer': TfidfVectorizer(min_df=7)}"
CountVectorizer(min_df=7),passthrough,100,3,0.1,0.8,0.8,1.5,0.4697,0.0471,99,0.7873,0.0099,0.7723,0.7855,0.7983,0.7824,0.7979,3.5347,0.3999,"{'model__colsample_bytree': 0.8, 'model__learning_rate': 0.1, 'model__max_depth': 3, 'model__n_estimators': 100, 'model__scale_pos_weight': 1.5, 'model__subsample': 0.8, 'preprocessing__scaler': 'passthrough', 'preprocessing__vectorizer': CountVectorizer(min_df=7)}"
TfidfVectorizer(min_df=7),passthrough,100,3,0.1,0.8,0.8,1.5,0.7528,0.1042,100,0.7864,0.0091,0.7751,0.7813,0.7983,0.7812,0.796,22.2831,1.1991,"{'model__colsample_bytree': 0.8, 'model__learning_rate': 0.1, 'model__max_depth': 3, 'model__n_estimators': 100, 'model__scale_pos_weight': 1.5, 'model__subsample': 0.8, 'preprocessing__scaler': 'passthrough', 'preprocessing__vectorizer': TfidfVectorizer(min_df=7)}"
CountVectorizer(min_df=7),passthrough,100,3,0.1,0.8,1.0,1.5,0.4449,0.0404,101,0.7863,0.0091,0.7728,0.7862,0.7951,0.7804,0.7972,3.6234,0.1555,"{'model__colsample_bytree': 1.0, 'model__learning_rate': 0.1, 'model__max_depth': 3, 'model__n_estimators': 100, 'model__scale_pos_weight': 1.5, 'model__subsample': 0.8, 'preprocessing__scaler': 'passthrough', 'preprocessing__vectorizer': CountVectorizer(min_df=7)}"
TfidfVectorizer(min_df=7),passthrough,100,3,0.1,0.8,1.0,1.5,0.6055,0.1039,102,0.7857,0.0078,0.7761,0.7807,0.7954,0.782,0.7944,18.8372,0.2001,"{'model__colsample_bytree': 1.0, 'model__learning_rate': 0.1, 'model__max_depth': 3, 'model__n_estimators': 100, 'model__scale_pos_weight': 1.5, 'model__subsample': 0.8, 'preprocessing__scaler': 'passthrough', 'preprocessing__vectorizer': TfidfVectorizer(min_df=7)}"
CountVectorizer(min_df=7),passthrough,100,3,0.1,1.0,1.0,1.5,0.4987,0.0554,103,0.7851,0.0076,0.7731,0.7861,0.7929,0.7802,0.793,3.8766,0.1989,"{'model__colsample_bytree': 1.0, 'model__learning_rate': 0.1, 'model__max_depth': 3, 'model__n_estimators': 100, 'model__scale_pos_weight': 1.5, 'model__subsample': 1.0, 'preprocessing__scaler': 'passthrough', 'preprocessing__vectorizer': CountVectorizer(min_df=7)}"
TfidfVectorizer(min_df=7),passthrough,100,3,0.1,1.0,1.0,1.5,0.5077,0.0166,104,0.7845,0.008,0.7759,0.7836,0.7924,0.7758,0.7947,20.41,0.1566,"{'model__colsample_bytree': 1.0, 'model__learning_rate': 0.1, 'model__max_depth': 3, 'model__n_estimators': 100, 'model__scale_pos_weight': 1.5, 'model__subsample': 1.0, 'preprocessing__scaler': 'passthrough', 'preprocessing__vectorizer': TfidfVectorizer(min_df=7)}"
TfidfVectorizer(min_df=7),passthrough,100,3,0.1,0.8,0.8,1,0.3072,0.0072,105,0.7839,0.0097,0.7798,0.7811,0.7913,0.7695,0.7976,10.3444,0.3104,"{'model__colsample_bytree': 0.8, 'model__learning_rate': 0.1, 'model__max_depth': 3, 'model__n_estimators': 100, 'model__scale_pos_weight': 1, 'model__subsample': 0.8, 'preprocessing__scaler': 'passthrough', 'preprocessing__vectorizer': TfidfVectorizer(min_df=7)}"
TfidfVectorizer(min_df=7),passthrough,100,3,0.1,0.8,1.0,1,0.4674,0.0283,106,0.7834,0.0082,0.7786,0.7807,0.7887,0.7727,0.7962,17.8826,1.1698,"{'model__colsample_bytree': 1.0, 'model__learning_rate': 0.1, 'model__max_depth': 3, 'model__n_estimators': 100, 'model__scale_pos_weight': 1, 'model__subsample': 0.8, 'preprocessing__scaler': 'passthrough', 'preprocessing__vectorizer': TfidfVectorizer(min_df=7)}"
TfidfVectorizer(min_df=7),passthrough,100,3,0.1,1.0,0.8,1,0.5676,0.1283,107,0.7823,0.01,0.7753,0.7784,0.7899,0.7703,0.7977,13.9389,3.3183,"{'model__colsample_bytree': 0.8, 'model__learning_rate': 0.1, 'model__max_depth': 3, 'model__n_estimators': 100, 'model__scale_pos_weight': 1, 'model__subsample': 1.0, 'preprocessing__scaler': 'passthrough', 'preprocessing__vectorizer': TfidfVectorizer(min_df=7)}"
CountVectorizer(min_df=7),passthrough,100,3,0.1,0.8,1.0,1,0.6198,0.1038,108,0.7822,0.0069,0.7769,0.7807,0.787,0.7737,0.7927,4.8132,0.0981,"{'model__colsample_bytree': 1.0, 'model__learning_rate': 0.1, 'model__max_depth': 3, 'model__n_estimators': 100, 'model__scale_pos_weight': 1, 'model__subsample': 0.8, 'preprocessing__scaler': 'passthrough', 'preprocessing__vectorizer': CountVectorizer(min_df=7)}"
CountVectorizer(min_df=7),passthrough,100,3,0.1,1.0,1.0,1,0.4542,0.0601,109,0.7818,0.0062,0.7759,0.7808,0.7891,0.7744,0.7889,3.5428,0.0739,"{'model__colsample_bytree': 1.0, 'model__learning_rate': 0.1, 'model__max_depth': 3, 'model__n_estimators': 100, 'model__scale_pos_weight': 1, 'model__subsample': 1.0, 'preprocessing__scaler': 'passthrough', 'preprocessing__vectorizer': CountVectorizer(min_df=7)}"
TfidfVectorizer(min_df=7),passthrough,100,3,0.1,1.0,1.0,1,0.4331,0.0088,110,0.7817,0.0093,0.7751,0.7817,0.788,0.7688,0.7951,17.3225,0.4786,"{'model__colsample_bytree': 1.0, 'model__learning_rate': 0.1, 'model__max_depth': 3, 'model__n_estimators': 100, 'model__scale_pos_weight': 1, 'model__subsample': 1.0, 'preprocessing__scaler': 'passthrough', 'preprocessing__vectorizer': TfidfVectorizer(min_df=7)}"
CountVectorizer(min_df=7),passthrough,100,3,0.1,0.8,0.8,1,0.2701,0.015,111,0.7817,0.0083,0.7751,0.7792,0.7916,0.7713,0.7912,2.2232,0.0348,"{'model__colsample_bytree': 0.8, 'model__learning_rate': 0.1, 'model__max_depth': 3, 'model__n_estimators': 100, 'model__scale_pos_weight': 1, 'model__subsample': 0.8, 'preprocessing__scaler': 'passthrough', 'preprocessing__vectorizer': CountVectorizer(min_df=7)}"
CountVectorizer(min_df=7),passthrough,100,3,0.1,1.0,0.8,1,0.2962,0.0122,112,0.7816,0.0089,0.7745,0.7803,0.7917,0.7699,0.7917,2.4844,0.0802,"{'model__colsample_bytree': 0.8, 'model__learning_rate': 0.1, 'model__max_depth': 3, 'model__n_estimators': 100, 'model__scale_pos_weight': 1, 'model__subsample': 1.0, 'preprocessing__scaler': 'passthrough', 'preprocessing__vectorizer': CountVectorizer(min_df=7)}"
TfidfVectorizer(min_df=7),passthrough,100,3,0.05,0.8,0.8,1.5,0.2939,0.0075,113,0.7626,0.008,0.7522,0.7564,0.7729,0.7611,0.7706,10.6062,0.0661,"{'model__colsample_bytree': 0.8, 'model__learning_rate': 0.05, 'model__max_depth': 3, 'model__n_estimators': 100, 'model__scale_pos_weight': 1.5, 'model__subsample': 0.8, 'preprocessing__scaler': 'passthrough', 'preprocessing__vectorizer': TfidfVectorizer(min_df=7)}"
CountVectorizer(min_df=7),passthrough,100,3,0.05,0.8,0.8,1.5,0.2853,0.0107,114,0.7624,0.0096,0.7496,0.7596,0.7733,0.7559,0.7738,2.5311,0.1405,"{'model__colsample_bytree': 0.8, 'model__learning_rate': 0.05, 'model__max_depth': 3, 'model__n_estimators': 100, 'model__scale_pos_weight': 1.5, 'model__subsample': 0.8, 'preprocessing__scaler': 'passthrough', 'preprocessing__vectorizer': CountVectorizer(min_df=7)}"
TfidfVectorizer(min_df=7),passthrough,100,3,0.05,0.8,1.0,1.5,0.4353,0.0278,115,0.7621,0.0065,0.7527,0.7616,0.7674,0.7579,0.7708,20.1573,0.3298,"{'model__colsample_bytree': 1.0, 'model__learning_rate': 0.05, 'model__max_depth': 3, 'model__n_estimators': 100, 'model__scale_pos_weight': 1.5, 'model__subsample': 0.8, 'preprocessing__scaler': 'passthrough', 'preprocessing__vectorizer': TfidfVectorizer(min_df=7)}"
CountVectorizer(min_df=7),passthrough,100,3,0.05,1.0,0.8,1.5,0.3178,0.0452,116,0.7621,0.0098,0.7475,0.7572,0.7736,0.7596,0.7725,2.3039,0.0464,"{'model__colsample_bytree': 0.8, 'model__learning_rate': 0.05, 'model__max_depth': 3, 'model__n_estimators': 100, 'model__scale_pos_weight': 1.5, 'model__subsample': 1.0, 'preprocessing__scaler': 'passthrough', 'preprocessing__vectorizer': CountVectorizer(min_df=7)}"
TfidfVectorizer(min_df=7),passthrough,100,3,0.05,1.0,0.8,1.5,0.2949,0.0062,117,0.7619,0.0077,0.7518,0.7583,0.7717,0.7577,0.7702,10.6998,0.0837,"{'model__colsample_bytree': 0.8, 'model__learning_rate': 0.05, 'model__max_depth': 3, 'model__n_estimators': 100, 'model__scale_pos_weight': 1.5, 'model__subsample': 1.0, 'preprocessing__scaler': 'passthrough', 'preprocessing__vectorizer': TfidfVectorizer(min_df=7)}"
CountVectorizer(min_df=7),passthrough,100,3,0.05,0.8,1.0,1.5,0.5703,0.0813,118,0.7617,0.0073,0.7512,0.7628,0.7673,0.7558,0.7712,4.5284,0.1791,"{'model__colsample_bytree': 1.0, 'model__learning_rate': 0.05, 'model__max_depth': 3, 'model__n_estimators': 100, 'model__scale_pos_weight': 1.5, 'model__subsample': 0.8, 'preprocessing__scaler': 'passthrough', 'preprocessing__vectorizer': CountVectorizer(min_df=7)}"
TfidfVectorizer(min_df=7),passthrough,100,3,0.05,1.0,1.0,1.5,0.3803,0.0117,119,0.7614,0.007,0.7521,0.7614,0.7697,0.7553,0.7684,16.579,0.2613,"{'model__colsample_bytree': 1.0, 'model__learning_rate': 0.05, 'model__max_depth': 3, 'model__n_estimators': 100, 'model__scale_pos_weight': 1.5, 'model__subsample': 1.0, 'preprocessing__scaler': 'passthrough', 'preprocessing__vectorizer': TfidfVectorizer(min_df=7)}"
CountVectorizer(min_df=7),passthrough,100,3,0.05,1.0,1.0,1.5,0.4475,0.0307,120,0.7606,0.0082,0.7487,0.7581,0.769,0.7566,0.7709,4.0271,0.2674,"{'model__colsample_bytree': 1.0, 'model__learning_rate': 0.05, 'model__max_depth': 3, 'model__n_estimators': 100, 'model__scale_pos_weight': 1.5, 'model__subsample': 1.0, 'preprocessing__scaler': 'passthrough', 'preprocessing__vectorizer': CountVectorizer(min_df=7)}"
TfidfVectorizer(min_df=7),passthrough,100,3,0.05,0.8,0.8,1,0.3035,0.0082,121,0.7564,0.0082,0.7456,0.7558,0.7638,0.7495,0.7672,11.3371,0.0815,"{'model__colsample_bytree': 0.8, 'model__learning_rate': 0.05, 'model__max_depth': 3, 'model__n_estimators': 100, 'model__scale_pos_weight': 1, 'model__subsample': 0.8, 'preprocessing__scaler': 'passthrough', 'preprocessing__vectorizer': TfidfVectorizer(min_df=7)}"
TfidfVectorizer(min_df=7),passthrough,100,3,0.05,1.0,0.8,1,0.3161,0.0402,122,0.7562,0.009,0.7465,0.7528,0.767,0.748,0.7668,11.3299,0.1389,"{'model__colsample_bytree': 0.8, 'model__learning_rate': 0.05, 'model__max_depth': 3, 'model__n_estimators': 100, 'model__scale_pos_weight': 1, 'model__subsample': 1.0, 'preprocessing__scaler': 'passthrough', 'preprocessing__vectorizer': TfidfVectorizer(min_df=7)}"
CountVectorizer(min_df=7),passthrough,100,3,0.05,0.8,0.8,1,0.2888,0.0057,123,0.7558,0.0083,0.7476,0.7518,0.7678,0.7482,0.7637,2.3807,0.0143,"{'model__colsample_bytree': 0.8, 'model__learning_rate': 0.05, 'model__max_depth': 3, 'model__n_estimators': 100, 'model__scale_pos_weight': 1, 'model__subsample': 0.8, 'preprocessing__scaler': 'passthrough', 'preprocessing__vectorizer': CountVectorizer(min_df=7)}"
CountVectorizer(min_df=7),passthrough,100,3,0.05,1.0,0.8,1,0.2945,0.0196,124,0.7556,0.0078,0.7459,0.7531,0.7645,0.7495,0.7651,2.4769,0.0655,"{'model__colsample_bytree': 0.8, 'model__learning_rate': 0.05, 'model__max_depth': 3, 'model__n_estimators': 100, 'model__scale_pos_weight': 1, 'model__subsample': 1.0, 'preprocessing__scaler': 'passthrough', 'preprocessing__vectorizer': CountVectorizer(min_df=7)}"
CountVectorizer(min_df=7),passthrough,100,3,0.05,0.8,1.0,1,0.4153,0.0838,125,0.7547,0.0076,0.7456,0.752,0.7617,0.7488,0.7655,3.304,0.0567,"{'model__colsample_bytree': 1.0, 'model__learning_rate': 0.05, 'model__max_depth': 3, 'model__n_estimators': 100, 'model__scale_pos_weight': 1, 'model__subsample': 0.8, 'preprocessing__scaler': 'passthrough', 'preprocessing__vectorizer': CountVectorizer(min_df=7)}"
TfidfVectorizer(min_df=7),passthrough,100,3,0.05,0.8,1.0,1,0.455,0.1425,126,0.7535,0.0086,0.7428,0.7537,0.7591,0.7456,0.7662,16.4204,1.2338,"{'model__colsample_bytree': 1.0, 'model__learning_rate': 0.05, 'model__max_depth': 3, 'model__n_estimators': 100, 'model__scale_pos_weight': 1, 'model__subsample': 0.8, 'preprocessing__scaler': 'passthrough', 'preprocessing__vectorizer': TfidfVectorizer(min_df=7)}"
CountVectorizer(min_df=7),passthrough,100,3,0.05,1.0,1.0,1,0.5191,0.1488,127,0.7534,0.0067,0.7447,0.7523,0.7592,0.7479,0.7627,4.0618,0.1109,"{'model__colsample_bytree': 1.0, 'model__learning_rate': 0.05, 'model__max_depth': 3, 'model__n_estimators': 100, 'model__scale_pos_weight': 1, 'model__subsample': 1.0, 'preprocessing__scaler': 'passthrough', 'preprocessing__vectorizer': CountVectorizer(min_df=7)}"
TfidfVectorizer(min_df=7),passthrough,100,3,0.05,1.0,1.0,1,0.5772,0.0642,128,0.7534,0.0072,0.745,0.7537,0.7579,0.746,0.7641,23.564,0.3023,"{'model__colsample_bytree': 1.0, 'model__learning_rate': 0.05, 'model__max_depth': 3, 'model__n_estimators': 100, 'model__scale_pos_weight': 1, 'model__subsample': 1.0, 'preprocessing__scaler': 'passthrough', 'preprocessing__vectorizer': TfidfVectorizer(min_df=7)}"
