vectorizer,scaler,criterion,max_depth,min_samples_split,min_samples_leaf,max_features,class_weight,mean_score_time,std_score_time,rank_test_score,mean_test_score,std_test_score,split0_test_score,split1_test_score,split2_test_score,split3_test_score,split4_test_score,mean_fit_time,std_fit_time,params
TfidfVectorizer(min_df=7),passthrough,gini,15,5,2,,,0.3735,0.1056,1,0.7422,0.01,0.7228,0.7496,0.7496,0.7427,0.7462,4.0395,0.4748,"{'model__class_weight': None, 'model__criterion': 'gini', 'model__max_depth': 15, 'model__max_features': None, 'model__min_samples_leaf': 2, 'model__min_samples_split': 5, 'preprocessing__scaler': 'passthrough', 'preprocessing__vectorizer': TfidfVectorizer(min_df=7)}"
TfidfVectorizer(min_df=7),passthrough,gini,15,10,2,,,0.2022,0.0147,2,0.7412,0.0101,0.7214,0.7474,0.7488,0.7449,0.7436,4.4434,0.3557,"{'model__class_weight': None, 'model__criterion': 'gini', 'model__max_depth': 15, 'model__max_features': None, 'model__min_samples_leaf': 2, 'model__min_samples_split': 10, 'preprocessing__scaler': 'passthrough', 'preprocessing__vectorizer': TfidfVectorizer(min_df=7)}"
TfidfVectorizer(min_df=7),passthrough,gini,20,5,2,,,0.2263,0.0167,3,0.7408,0.0027,0.7385,0.7402,0.7417,0.7381,0.7455,4.5416,0.1323,"{'model__class_weight': None, 'model__criterion': 'gini', 'model__max_depth': 20, 'model__max_features': None, 'model__min_samples_leaf': 2, 'model__min_samples_split': 5, 'preprocessing__scaler': 'passthrough', 'preprocessing__vectorizer': TfidfVectorizer(min_df=7)}"
TfidfVectorizer(min_df=7),passthrough,gini,15,10,5,,,0.2812,0.115,4,0.7407,0.0085,0.724,0.7454,0.7472,0.7451,0.7417,3.2898,0.1983,"{'model__class_weight': None, 'model__criterion': 'gini', 'model__max_depth': 15, 'model__max_features': None, 'model__min_samples_leaf': 5, 'model__min_samples_split': 10, 'preprocessing__scaler': 'passthrough', 'preprocessing__vectorizer': TfidfVectorizer(min_df=7)}"
TfidfVectorizer(min_df=7),passthrough,gini,15,5,5,,,0.2,0.0012,4,0.7407,0.0085,0.724,0.7454,0.7472,0.7451,0.7417,3.2162,0.0696,"{'model__class_weight': None, 'model__criterion': 'gini', 'model__max_depth': 15, 'model__max_features': None, 'model__min_samples_leaf': 5, 'model__min_samples_split': 5, 'preprocessing__scaler': 'passthrough', 'preprocessing__vectorizer': TfidfVectorizer(min_df=7)}"
TfidfVectorizer(min_df=7),passthrough,gini,20,10,2,,,0.2283,0.0125,6,0.7387,0.0044,0.7322,0.738,0.7401,0.7372,0.7458,4.089,0.0844,"{'model__class_weight': None, 'model__criterion': 'gini', 'model__max_depth': 20, 'model__max_features': None, 'model__min_samples_leaf': 2, 'model__min_samples_split': 10, 'preprocessing__scaler': 'passthrough', 'preprocessing__vectorizer': TfidfVectorizer(min_df=7)}"
CountVectorizer(min_df=7),passthrough,gini,20,5,2,,,0.2358,0.0305,7,0.7383,0.0068,0.7362,0.737,0.7332,0.7334,0.7514,3.527,0.0763,"{'model__class_weight': None, 'model__criterion': 'gini', 'model__max_depth': 20, 'model__max_features': None, 'model__min_samples_leaf': 2, 'model__min_samples_split': 5, 'preprocessing__scaler': 'passthrough', 'preprocessing__vectorizer': CountVectorizer(min_df=7)}"
CountVectorizer(min_df=7),passthrough,gini,20,10,2,,,0.2109,0.0058,8,0.7363,0.0063,0.7362,0.737,0.731,0.7297,0.7476,3.1519,0.0388,"{'model__class_weight': None, 'model__criterion': 'gini', 'model__max_depth': 20, 'model__max_features': None, 'model__min_samples_leaf': 2, 'model__min_samples_split': 10, 'preprocessing__scaler': 'passthrough', 'preprocessing__vectorizer': CountVectorizer(min_df=7)}"
CountVectorizer(min_df=7),passthrough,gini,15,10,2,,,0.2081,0.0063,9,0.736,0.0062,0.7268,0.741,0.7324,0.7355,0.7444,3.9105,0.1645,"{'model__class_weight': None, 'model__criterion': 'gini', 'model__max_depth': 15, 'model__max_features': None, 'model__min_samples_leaf': 2, 'model__min_samples_split': 10, 'preprocessing__scaler': 'passthrough', 'preprocessing__vectorizer': CountVectorizer(min_df=7)}"
CountVectorizer(min_df=7),passthrough,gini,15,5,2,,,0.3078,0.0711,10,0.7356,0.007,0.7267,0.7397,0.7287,0.7374,0.7454,2.2882,0.0728,"{'model__class_weight': None, 'model__criterion': 'gini', 'model__max_depth': 15, 'model__max_features': None, 'model__min_samples_leaf': 2, 'model__min_samples_split': 5, 'preprocessing__scaler': 'passthrough', 'preprocessing__vectorizer': CountVectorizer(min_df=7)}"
TfidfVectorizer(min_df=7),passthrough,gini,20,10,5,,,0.2257,0.0076,11,0.735,0.0034,0.7307,0.7348,0.7327,0.7364,0.7406,4.187,0.0667,"{'model__class_weight': None, 'model__criterion': 'gini', 'model__max_depth': 20, 'model__max_features': None, 'model__min_samples_leaf': 5, 'model__min_samples_split': 10, 'preprocessing__scaler': 'passthrough', 'preprocessing__vectorizer': TfidfVectorizer(min_df=7)}"
TfidfVectorizer(min_df=7),passthrough,gini,20,5,5,,,0.248,0.0425,11,0.735,0.0034,0.7307,0.7348,0.7327,0.7364,0.7406,4.0606,0.0997,"{'model__class_weight': None, 'model__criterion': 'gini', 'model__max_depth': 20, 'model__max_features': None, 'model__min_samples_leaf': 5, 'model__min_samples_split': 5, 'preprocessing__scaler': 'passthrough', 'preprocessing__vectorizer': TfidfVectorizer(min_df=7)}"
CountVectorizer(min_df=7),passthrough,entropy,15,10,2,,,0.2267,0.0075,13,0.7338,0.0092,0.7193,0.7439,0.7289,0.7341,0.743,2.9074,0.0368,"{'model__class_weight': None, 'model__criterion': 'entropy', 'model__max_depth': 15, 'model__max_features': None, 'model__min_samples_leaf': 2, 'model__min_samples_split': 10, 'preprocessing__scaler': 'passthrough', 'preprocessing__vectorizer': CountVectorizer(min_df=7)}"
CountVectorizer(min_df=7),passthrough,gini,15,10,5,,,0.2005,0.0027,14,0.7336,0.0085,0.7229,0.7413,0.7277,0.7306,0.7456,2.4746,0.0357,"{'model__class_weight': None, 'model__criterion': 'gini', 'model__max_depth': 15, 'model__max_features': None, 'model__min_samples_leaf': 5, 'model__min_samples_split': 10, 'preprocessing__scaler': 'passthrough', 'preprocessing__vectorizer': CountVectorizer(min_df=7)}"
CountVectorizer(min_df=7),passthrough,gini,15,5,5,,,0.1974,0.0055,14,0.7336,0.0085,0.7229,0.7413,0.7277,0.7306,0.7456,2.9474,0.1842,"{'model__class_weight': None, 'model__criterion': 'gini', 'model__max_depth': 15, 'model__max_features': None, 'model__min_samples_leaf': 5, 'model__min_samples_split': 5, 'preprocessing__scaler': 'passthrough', 'preprocessing__vectorizer': CountVectorizer(min_df=7)}"
TfidfVectorizer(min_df=7),passthrough,entropy,20,10,2,,,0.2827,0.0413,16,0.7325,0.0095,0.7199,0.7275,0.7427,0.7278,0.7444,4.8191,0.1248,"{'model__class_weight': None, 'model__criterion': 'entropy', 'model__max_depth': 20, 'model__max_features': None, 'model__min_samples_leaf': 2, 'model__min_samples_split': 10, 'preprocessing__scaler': 'passthrough', 'preprocessing__vectorizer': TfidfVectorizer(min_df=7)}"
CountVectorizer(min_df=7),passthrough,entropy,20,10,2,,,0.2406,0.0115,17,0.7323,0.0097,0.715,0.73,0.7344,0.7409,0.7414,3.7012,0.0466,"{'model__class_weight': None, 'model__criterion': 'entropy', 'model__max_depth': 20, 'model__max_features': None, 'model__min_samples_leaf': 2, 'model__min_samples_split': 10, 'preprocessing__scaler': 'passthrough', 'preprocessing__vectorizer': CountVectorizer(min_df=7)}"
TfidfVectorizer(min_df=7),passthrough,entropy,15,10,5,,,0.2305,0.0056,18,0.732,0.0127,0.7095,0.7378,0.7451,0.7273,0.7403,3.7607,0.0393,"{'model__class_weight': None, 'model__criterion': 'entropy', 'model__max_depth': 15, 'model__max_features': None, 'model__min_samples_leaf': 5, 'model__min_samples_split': 10, 'preprocessing__scaler': 'passthrough', 'preprocessing__vectorizer': TfidfVectorizer(min_df=7)}"
TfidfVectorizer(min_df=7),passthrough,entropy,15,5,5,,,0.2484,0.0162,18,0.732,0.0127,0.7095,0.7378,0.7451,0.7273,0.7403,3.8218,0.0303,"{'model__class_weight': None, 'model__criterion': 'entropy', 'model__max_depth': 15, 'model__max_features': None, 'model__min_samples_leaf': 5, 'model__min_samples_split': 5, 'preprocessing__scaler': 'passthrough', 'preprocessing__vectorizer': TfidfVectorizer(min_df=7)}"
CountVectorizer(min_df=7),passthrough,entropy,15,5,5,,,0.2334,0.0078,20,0.7319,0.0078,0.7188,0.7386,0.7292,0.7319,0.7408,2.9853,0.0787,"{'model__class_weight': None, 'model__criterion': 'entropy', 'model__max_depth': 15, 'model__max_features': None, 'model__min_samples_leaf': 5, 'model__min_samples_split': 5, 'preprocessing__scaler': 'passthrough', 'preprocessing__vectorizer': CountVectorizer(min_df=7)}"
CountVectorizer(min_df=7),passthrough,entropy,15,10,5,,,0.2377,0.0041,20,0.7319,0.0078,0.7188,0.7386,0.7292,0.7319,0.7408,2.8981,0.0621,"{'model__class_weight': None, 'model__criterion': 'entropy', 'model__max_depth': 15, 'model__max_features': None, 'model__min_samples_leaf': 5, 'model__min_samples_split': 10, 'preprocessing__scaler': 'passthrough', 'preprocessing__vectorizer': CountVectorizer(min_df=7)}"
CountVectorizer(min_df=7),passthrough,entropy,15,5,2,,,0.2419,0.0065,22,0.7317,0.007,0.719,0.7364,0.7302,0.7339,0.7392,3.0038,0.0195,"{'model__class_weight': None, 'model__criterion': 'entropy', 'model__max_depth': 15, 'model__max_features': None, 'model__min_samples_leaf': 2, 'model__min_samples_split': 5, 'preprocessing__scaler': 'passthrough', 'preprocessing__vectorizer': CountVectorizer(min_df=7)}"
TfidfVectorizer(min_df=7),passthrough,entropy,20,5,2,,,0.2443,0.0097,23,0.7316,0.0092,0.7231,0.7273,0.7404,0.7226,0.7447,4.7947,0.0956,"{'model__class_weight': None, 'model__criterion': 'entropy', 'model__max_depth': 20, 'model__max_features': None, 'model__min_samples_leaf': 2, 'model__min_samples_split': 5, 'preprocessing__scaler': 'passthrough', 'preprocessing__vectorizer': TfidfVectorizer(min_df=7)}"
CountVectorizer(min_df=7),passthrough,gini,20,5,2,,balanced,0.2315,0.0059,24,0.7315,0.01,0.7206,0.7299,0.7233,0.7351,0.7487,3.4856,0.0893,"{'model__class_weight': 'balanced', 'model__criterion': 'gini', 'model__max_depth': 20, 'model__max_features': None, 'model__min_samples_leaf': 2, 'model__min_samples_split': 5, 'preprocessing__scaler': 'passthrough', 'preprocessing__vectorizer': CountVectorizer(min_df=7)}"
TfidfVectorizer(min_df=7),passthrough,entropy,20,5,5,,,0.2555,0.0098,25,0.7308,0.0075,0.7191,0.7355,0.732,0.7266,0.7408,4.8177,0.0784,"{'model__class_weight': None, 'model__criterion': 'entropy', 'model__max_depth': 20, 'model__max_features': None, 'model__min_samples_leaf': 5, 'model__min_samples_split': 5, 'preprocessing__scaler': 'passthrough', 'preprocessing__vectorizer': TfidfVectorizer(min_df=7)}"
TfidfVectorizer(min_df=7),passthrough,entropy,20,10,5,,,0.2565,0.0169,25,0.7308,0.0075,0.7191,0.7355,0.732,0.7266,0.7408,4.9072,0.0653,"{'model__class_weight': None, 'model__criterion': 'entropy', 'model__max_depth': 20, 'model__max_features': None, 'model__min_samples_leaf': 5, 'model__min_samples_split': 10, 'preprocessing__scaler': 'passthrough', 'preprocessing__vectorizer': TfidfVectorizer(min_df=7)}"
CountVectorizer(min_df=7),passthrough,gini,20,10,2,,balanced,0.2261,0.005,27,0.7303,0.0094,0.7178,0.7293,0.7241,0.7351,0.7453,3.4131,0.0764,"{'model__class_weight': 'balanced', 'model__criterion': 'gini', 'model__max_depth': 20, 'model__max_features': None, 'model__min_samples_leaf': 2, 'model__min_samples_split': 10, 'preprocessing__scaler': 'passthrough', 'preprocessing__vectorizer': CountVectorizer(min_df=7)}"
CountVectorizer(min_df=7),passthrough,entropy,20,10,5,,,0.2608,0.033,28,0.7303,0.0078,0.718,0.7256,0.732,0.7358,0.7401,3.9052,0.0736,"{'model__class_weight': None, 'model__criterion': 'entropy', 'model__max_depth': 20, 'model__max_features': None, 'model__min_samples_leaf': 5, 'model__min_samples_split': 10, 'preprocessing__scaler': 'passthrough', 'preprocessing__vectorizer': CountVectorizer(min_df=7)}"
CountVectorizer(min_df=7),passthrough,entropy,20,5,5,,,0.2537,0.0217,28,0.7303,0.0078,0.718,0.7256,0.732,0.7358,0.7401,3.7899,0.0663,"{'model__class_weight': None, 'model__criterion': 'entropy', 'model__max_depth': 20, 'model__max_features': None, 'model__min_samples_leaf': 5, 'model__min_samples_split': 5, 'preprocessing__scaler': 'passthrough', 'preprocessing__vectorizer': CountVectorizer(min_df=7)}"
TfidfVectorizer(min_df=7),passthrough,entropy,15,5,2,,,0.2387,0.008,30,0.7303,0.0109,0.7126,0.7367,0.7432,0.7232,0.7356,3.9244,0.0652,"{'model__class_weight': None, 'model__criterion': 'entropy', 'model__max_depth': 15, 'model__max_features': None, 'model__min_samples_leaf': 2, 'model__min_samples_split': 5, 'preprocessing__scaler': 'passthrough', 'preprocessing__vectorizer': TfidfVectorizer(min_df=7)}"
TfidfVectorizer(min_df=7),passthrough,gini,20,10,2,,balanced,0.2557,0.0126,31,0.73,0.0086,0.7151,0.7373,0.7337,0.7257,0.7382,4.4912,0.1262,"{'model__class_weight': 'balanced', 'model__criterion': 'gini', 'model__max_depth': 20, 'model__max_features': None, 'model__min_samples_leaf': 2, 'model__min_samples_split': 10, 'preprocessing__scaler': 'passthrough', 'preprocessing__vectorizer': TfidfVectorizer(min_df=7)}"
TfidfVectorizer(min_df=7),passthrough,gini,20,5,2,,balanced,0.2405,0.0088,32,0.73,0.0091,0.7139,0.7353,0.7335,0.727,0.7401,4.4895,0.1026,"{'model__class_weight': 'balanced', 'model__criterion': 'gini', 'model__max_depth': 20, 'model__max_features': None, 'model__min_samples_leaf': 2, 'model__min_samples_split': 5, 'preprocessing__scaler': 'passthrough', 'preprocessing__vectorizer': TfidfVectorizer(min_df=7)}"
TfidfVectorizer(min_df=7),passthrough,entropy,15,10,2,,,0.2463,0.0138,33,0.7296,0.0118,0.7079,0.7352,0.7414,0.7271,0.7364,3.9315,0.1014,"{'model__class_weight': None, 'model__criterion': 'entropy', 'model__max_depth': 15, 'model__max_features': None, 'model__min_samples_leaf': 2, 'model__min_samples_split': 10, 'preprocessing__scaler': 'passthrough', 'preprocessing__vectorizer': TfidfVectorizer(min_df=7)}"
CountVectorizer(min_df=7),passthrough,gini,20,5,5,,,0.2133,0.0115,34,0.7287,0.0049,0.7271,0.7286,0.7272,0.7229,0.7377,3.1967,0.0351,"{'model__class_weight': None, 'model__criterion': 'gini', 'model__max_depth': 20, 'model__max_features': None, 'model__min_samples_leaf': 5, 'model__min_samples_split': 5, 'preprocessing__scaler': 'passthrough', 'preprocessing__vectorizer': CountVectorizer(min_df=7)}"
CountVectorizer(min_df=7),passthrough,gini,20,10,5,,,0.2097,0.0076,34,0.7287,0.0049,0.7271,0.7286,0.7272,0.7229,0.7377,3.2601,0.0421,"{'model__class_weight': None, 'model__criterion': 'gini', 'model__max_depth': 20, 'model__max_features': None, 'model__min_samples_leaf': 5, 'model__min_samples_split': 10, 'preprocessing__scaler': 'passthrough', 'preprocessing__vectorizer': CountVectorizer(min_df=7)}"
CountVectorizer(min_df=7),passthrough,entropy,20,5,2,,,0.2281,0.0102,36,0.7283,0.0109,0.7107,0.7205,0.7385,0.7351,0.7368,3.7394,0.0431,"{'model__class_weight': None, 'model__criterion': 'entropy', 'model__max_depth': 20, 'model__max_features': None, 'model__min_samples_leaf': 2, 'model__min_samples_split': 5, 'preprocessing__scaler': 'passthrough', 'preprocessing__vectorizer': CountVectorizer(min_df=7)}"
TfidfVectorizer(min_df=7),passthrough,gini,15,5,2,,balanced,0.2494,0.0105,37,0.7282,0.0068,0.7171,0.7296,0.7297,0.7263,0.7381,3.9413,0.0462,"{'model__class_weight': 'balanced', 'model__criterion': 'gini', 'model__max_depth': 15, 'model__max_features': None, 'model__min_samples_leaf': 2, 'model__min_samples_split': 5, 'preprocessing__scaler': 'passthrough', 'preprocessing__vectorizer': TfidfVectorizer(min_df=7)}"
TfidfVectorizer(min_df=7),passthrough,gini,7,10,5,,,0.1925,0.0097,38,0.7278,0.0053,0.7328,0.7306,0.7176,0.7296,0.7286,1.6565,0.0152,"{'model__class_weight': None, 'model__criterion': 'gini', 'model__max_depth': 7, 'model__max_features': None, 'model__min_samples_leaf': 5, 'model__min_samples_split': 10, 'preprocessing__scaler': 'passthrough', 'preprocessing__vectorizer': TfidfVectorizer(min_df=7)}"
TfidfVectorizer(min_df=7),passthrough,gini,7,5,5,,,0.1974,0.009,38,0.7278,0.0053,0.7328,0.7306,0.7176,0.7296,0.7286,1.629,0.0209,"{'model__class_weight': None, 'model__criterion': 'gini', 'model__max_depth': 7, 'model__max_features': None, 'model__min_samples_leaf': 5, 'model__min_samples_split': 5, 'preprocessing__scaler': 'passthrough', 'preprocessing__vectorizer': TfidfVectorizer(min_df=7)}"
TfidfVectorizer(min_df=7),passthrough,gini,7,5,2,,,0.2119,0.0095,40,0.7278,0.0056,0.7331,0.7319,0.7174,0.7295,0.7269,1.9629,0.027,"{'model__class_weight': None, 'model__criterion': 'gini', 'model__max_depth': 7, 'model__max_features': None, 'model__min_samples_leaf': 2, 'model__min_samples_split': 5, 'preprocessing__scaler': 'passthrough', 'preprocessing__vectorizer': TfidfVectorizer(min_df=7)}"
TfidfVectorizer(min_df=7),passthrough,gini,7,10,2,,,0.1815,0.0051,41,0.7275,0.0057,0.7316,0.7321,0.7167,0.7295,0.7274,1.908,0.0154,"{'model__class_weight': None, 'model__criterion': 'gini', 'model__max_depth': 7, 'model__max_features': None, 'model__min_samples_leaf': 2, 'model__min_samples_split': 10, 'preprocessing__scaler': 'passthrough', 'preprocessing__vectorizer': TfidfVectorizer(min_df=7)}"
CountVectorizer(min_df=7),passthrough,gini,15,10,2,,balanced,0.2486,0.011,42,0.7271,0.0083,0.7183,0.7237,0.7245,0.7261,0.7428,2.8758,0.0302,"{'model__class_weight': 'balanced', 'model__criterion': 'gini', 'model__max_depth': 15, 'model__max_features': None, 'model__min_samples_leaf': 2, 'model__min_samples_split': 10, 'preprocessing__scaler': 'passthrough', 'preprocessing__vectorizer': CountVectorizer(min_df=7)}"
CountVectorizer(min_df=7),passthrough,gini,15,5,2,,balanced,0.2522,0.0044,43,0.727,0.0083,0.7189,0.724,0.725,0.7243,0.743,3.0042,0.0722,"{'model__class_weight': 'balanced', 'model__criterion': 'gini', 'model__max_depth': 15, 'model__max_features': None, 'model__min_samples_leaf': 2, 'model__min_samples_split': 5, 'preprocessing__scaler': 'passthrough', 'preprocessing__vectorizer': CountVectorizer(min_df=7)}"
TfidfVectorizer(min_df=7),passthrough,gini,15,10,2,,balanced,0.2614,0.0167,44,0.726,0.0063,0.7164,0.7307,0.7263,0.7221,0.7344,3.7808,0.0486,"{'model__class_weight': 'balanced', 'model__criterion': 'gini', 'model__max_depth': 15, 'model__max_features': None, 'model__min_samples_leaf': 2, 'model__min_samples_split': 10, 'preprocessing__scaler': 'passthrough', 'preprocessing__vectorizer': TfidfVectorizer(min_df=7)}"
CountVectorizer(min_df=7),passthrough,entropy,7,5,5,,,0.2186,0.0127,45,0.7251,0.0046,0.721,0.7322,0.7256,0.7193,0.7275,1.4349,0.034,"{'model__class_weight': None, 'model__criterion': 'entropy', 'model__max_depth': 7, 'model__max_features': None, 'model__min_samples_leaf': 5, 'model__min_samples_split': 5, 'preprocessing__scaler': 'passthrough', 'preprocessing__vectorizer': CountVectorizer(min_df=7)}"
CountVectorizer(min_df=7),passthrough,entropy,7,10,5,,,0.2508,0.0267,45,0.7251,0.0046,0.721,0.7322,0.7256,0.7193,0.7275,1.5253,0.0534,"{'model__class_weight': None, 'model__criterion': 'entropy', 'model__max_depth': 7, 'model__max_features': None, 'model__min_samples_leaf': 5, 'model__min_samples_split': 10, 'preprocessing__scaler': 'passthrough', 'preprocessing__vectorizer': CountVectorizer(min_df=7)}"
CountVectorizer(min_df=7),passthrough,entropy,7,5,2,,,0.2254,0.011,47,0.7251,0.0048,0.7204,0.732,0.7262,0.7191,0.7277,1.4577,0.0238,"{'model__class_weight': None, 'model__criterion': 'entropy', 'model__max_depth': 7, 'model__max_features': None, 'model__min_samples_leaf': 2, 'model__min_samples_split': 5, 'preprocessing__scaler': 'passthrough', 'preprocessing__vectorizer': CountVectorizer(min_df=7)}"
CountVectorizer(min_df=7),passthrough,entropy,7,10,2,,,0.2267,0.007,48,0.7249,0.005,0.7204,0.732,0.7262,0.7183,0.7277,1.4936,0.019,"{'model__class_weight': None, 'model__criterion': 'entropy', 'model__max_depth': 7, 'model__max_features': None, 'model__min_samples_leaf': 2, 'model__min_samples_split': 10, 'preprocessing__scaler': 'passthrough', 'preprocessing__vectorizer': CountVectorizer(min_df=7)}"
CountVectorizer(min_df=7),passthrough,gini,7,10,2,,,0.255,0.0186,49,0.7246,0.0047,0.7241,0.7326,0.7182,0.7228,0.725,1.3512,0.0438,"{'model__class_weight': None, 'model__criterion': 'gini', 'model__max_depth': 7, 'model__max_features': None, 'model__min_samples_leaf': 2, 'model__min_samples_split': 10, 'preprocessing__scaler': 'passthrough', 'preprocessing__vectorizer': CountVectorizer(min_df=7)}"
CountVectorizer(min_df=7),passthrough,gini,7,10,5,,,0.2044,0.0041,50,0.7243,0.0051,0.7262,0.7323,0.717,0.7213,0.7249,1.2012,0.0193,"{'model__class_weight': None, 'model__criterion': 'gini', 'model__max_depth': 7, 'model__max_features': None, 'model__min_samples_leaf': 5, 'model__min_samples_split': 10, 'preprocessing__scaler': 'passthrough', 'preprocessing__vectorizer': CountVectorizer(min_df=7)}"
CountVectorizer(min_df=7),passthrough,gini,7,5,5,,,0.1797,0.0055,50,0.7243,0.0051,0.7262,0.7323,0.717,0.7213,0.7249,1.4013,0.0788,"{'model__class_weight': None, 'model__criterion': 'gini', 'model__max_depth': 7, 'model__max_features': None, 'model__min_samples_leaf': 5, 'model__min_samples_split': 5, 'preprocessing__scaler': 'passthrough', 'preprocessing__vectorizer': CountVectorizer(min_df=7)}"
CountVectorizer(min_df=7),passthrough,gini,7,5,2,,,0.1692,0.002,52,0.7242,0.0048,0.7241,0.7328,0.7182,0.7216,0.7243,1.4998,0.0028,"{'model__class_weight': None, 'model__criterion': 'gini', 'model__max_depth': 7, 'model__max_features': None, 'model__min_samples_leaf': 2, 'model__min_samples_split': 5, 'preprocessing__scaler': 'passthrough', 'preprocessing__vectorizer': CountVectorizer(min_df=7)}"
TfidfVectorizer(min_df=7),passthrough,gini,15,10,5,,balanced,0.2304,0.0063,53,0.7216,0.008,0.7123,0.7269,0.7179,0.7165,0.7346,3.5092,0.0346,"{'model__class_weight': 'balanced', 'model__criterion': 'gini', 'model__max_depth': 15, 'model__max_features': None, 'model__min_samples_leaf': 5, 'model__min_samples_split': 10, 'preprocessing__scaler': 'passthrough', 'preprocessing__vectorizer': TfidfVectorizer(min_df=7)}"
TfidfVectorizer(min_df=7),passthrough,gini,15,5,5,,balanced,0.2399,0.014,53,0.7216,0.008,0.7123,0.7269,0.7179,0.7165,0.7346,3.6042,0.0428,"{'model__class_weight': 'balanced', 'model__criterion': 'gini', 'model__max_depth': 15, 'model__max_features': None, 'model__min_samples_leaf': 5, 'model__min_samples_split': 5, 'preprocessing__scaler': 'passthrough', 'preprocessing__vectorizer': TfidfVectorizer(min_df=7)}"
CountVectorizer(min_df=7),passthrough,gini,15,5,5,,balanced,0.2379,0.0102,55,0.7214,0.0063,0.715,0.7228,0.7172,0.7193,0.7328,2.9385,0.0443,"{'model__class_weight': 'balanced', 'model__criterion': 'gini', 'model__max_depth': 15, 'model__max_features': None, 'model__min_samples_leaf': 5, 'model__min_samples_split': 5, 'preprocessing__scaler': 'passthrough', 'preprocessing__vectorizer': CountVectorizer(min_df=7)}"
CountVectorizer(min_df=7),passthrough,gini,15,10,5,,balanced,0.2219,0.0065,55,0.7214,0.0063,0.715,0.7228,0.7172,0.7193,0.7328,2.7902,0.0442,"{'model__class_weight': 'balanced', 'model__criterion': 'gini', 'model__max_depth': 15, 'model__max_features': None, 'model__min_samples_leaf': 5, 'model__min_samples_split': 10, 'preprocessing__scaler': 'passthrough', 'preprocessing__vectorizer': CountVectorizer(min_df=7)}"
TfidfVectorizer(min_df=7),passthrough,gini,20,5,5,,balanced,0.2656,0.0116,57,0.7214,0.0095,0.7102,0.7318,0.7181,0.7135,0.7334,4.7298,0.116,"{'model__class_weight': 'balanced', 'model__criterion': 'gini', 'model__max_depth': 20, 'model__max_features': None, 'model__min_samples_leaf': 5, 'model__min_samples_split': 5, 'preprocessing__scaler': 'passthrough', 'preprocessing__vectorizer': TfidfVectorizer(min_df=7)}"
TfidfVectorizer(min_df=7),passthrough,gini,20,10,5,,balanced,0.255,0.0124,57,0.7214,0.0095,0.7102,0.7318,0.7181,0.7135,0.7334,4.8254,0.0406,"{'model__class_weight': 'balanced', 'model__criterion': 'gini', 'model__max_depth': 20, 'model__max_features': None, 'model__min_samples_leaf': 5, 'model__min_samples_split': 10, 'preprocessing__scaler': 'passthrough', 'preprocessing__vectorizer': TfidfVectorizer(min_df=7)}"
CountVectorizer(min_df=7),passthrough,gini,20,5,5,,balanced,0.2556,0.0086,59,0.721,0.0094,0.7117,0.7203,0.7138,0.7209,0.7385,3.6673,0.1175,"{'model__class_weight': 'balanced', 'model__criterion': 'gini', 'model__max_depth': 20, 'model__max_features': None, 'model__min_samples_leaf': 5, 'model__min_samples_split': 5, 'preprocessing__scaler': 'passthrough', 'preprocessing__vectorizer': CountVectorizer(min_df=7)}"
CountVectorizer(min_df=7),passthrough,gini,20,10,5,,balanced,0.2636,0.0118,59,0.721,0.0094,0.7117,0.7203,0.7138,0.7209,0.7385,3.8703,0.1081,"{'model__class_weight': 'balanced', 'model__criterion': 'gini', 'model__max_depth': 20, 'model__max_features': None, 'model__min_samples_leaf': 5, 'model__min_samples_split': 10, 'preprocessing__scaler': 'passthrough', 'preprocessing__vectorizer': CountVectorizer(min_df=7)}"
TfidfVectorizer(min_df=7),passthrough,entropy,7,10,2,,,0.2197,0.0117,61,0.7207,0.0028,0.7166,0.7193,0.7219,0.7206,0.7252,2.0894,0.0238,"{'model__class_weight': None, 'model__criterion': 'entropy', 'model__max_depth': 7, 'model__max_features': None, 'model__min_samples_leaf': 2, 'model__min_samples_split': 10, 'preprocessing__scaler': 'passthrough', 'preprocessing__vectorizer': TfidfVectorizer(min_df=7)}"
TfidfVectorizer(min_df=7),passthrough,entropy,7,5,2,,,0.2319,0.0097,62,0.7205,0.0028,0.7171,0.7186,0.7221,0.7197,0.725,2.1942,0.0203,"{'model__class_weight': None, 'model__criterion': 'entropy', 'model__max_depth': 7, 'model__max_features': None, 'model__min_samples_leaf': 2, 'model__min_samples_split': 5, 'preprocessing__scaler': 'passthrough', 'preprocessing__vectorizer': TfidfVectorizer(min_df=7)}"
TfidfVectorizer(min_df=7),passthrough,entropy,7,10,5,,,0.2351,0.0093,63,0.7203,0.0033,0.7158,0.7183,0.7218,0.7199,0.7255,2.2527,0.036,"{'model__class_weight': None, 'model__criterion': 'entropy', 'model__max_depth': 7, 'model__max_features': None, 'model__min_samples_leaf': 5, 'model__min_samples_split': 10, 'preprocessing__scaler': 'passthrough', 'preprocessing__vectorizer': TfidfVectorizer(min_df=7)}"
TfidfVectorizer(min_df=7),passthrough,entropy,7,5,5,,,0.2532,0.0184,63,0.7203,0.0033,0.7158,0.7183,0.7218,0.7199,0.7255,2.1108,0.068,"{'model__class_weight': None, 'model__criterion': 'entropy', 'model__max_depth': 7, 'model__max_features': None, 'model__min_samples_leaf': 5, 'model__min_samples_split': 5, 'preprocessing__scaler': 'passthrough', 'preprocessing__vectorizer': TfidfVectorizer(min_df=7)}"
CountVectorizer(min_df=7),passthrough,entropy,20,10,2,,balanced,0.238,0.0059,65,0.7194,0.005,0.7211,0.7236,0.7249,0.7157,0.7117,4.0479,0.0681,"{'model__class_weight': 'balanced', 'model__criterion': 'entropy', 'model__max_depth': 20, 'model__max_features': None, 'model__min_samples_leaf': 2, 'model__min_samples_split': 10, 'preprocessing__scaler': 'passthrough', 'preprocessing__vectorizer': CountVectorizer(min_df=7)}"
TfidfVectorizer(min_df=7),passthrough,entropy,20,5,2,,balanced,0.2516,0.0072,66,0.7184,0.007,0.7073,0.7141,0.7222,0.7212,0.7274,5.4669,0.0502,"{'model__class_weight': 'balanced', 'model__criterion': 'entropy', 'model__max_depth': 20, 'model__max_features': None, 'model__min_samples_leaf': 2, 'model__min_samples_split': 5, 'preprocessing__scaler': 'passthrough', 'preprocessing__vectorizer': TfidfVectorizer(min_df=7)}"
CountVectorizer(min_df=7),passthrough,entropy,20,5,2,,balanced,0.2722,0.0274,67,0.7183,0.0076,0.7207,0.7228,0.7287,0.7086,0.7107,4.2647,0.04,"{'model__class_weight': 'balanced', 'model__criterion': 'entropy', 'model__max_depth': 20, 'model__max_features': None, 'model__min_samples_leaf': 2, 'model__min_samples_split': 5, 'preprocessing__scaler': 'passthrough', 'preprocessing__vectorizer': CountVectorizer(min_df=7)}"
TfidfVectorizer(min_df=7),passthrough,entropy,20,10,2,,balanced,0.249,0.022,68,0.7181,0.0083,0.7031,0.7165,0.7227,0.7211,0.7274,5.1988,0.0542,"{'model__class_weight': 'balanced', 'model__criterion': 'entropy', 'model__max_depth': 20, 'model__max_features': None, 'model__min_samples_leaf': 2, 'model__min_samples_split': 10, 'preprocessing__scaler': 'passthrough', 'preprocessing__vectorizer': TfidfVectorizer(min_df=7)}"
CountVectorizer(min_df=7),passthrough,entropy,20,10,5,,balanced,0.2097,0.0492,69,0.7171,0.0076,0.7149,0.7223,0.7279,0.7054,0.7152,3.8144,0.0928,"{'model__class_weight': 'balanced', 'model__criterion': 'entropy', 'model__max_depth': 20, 'model__max_features': None, 'model__min_samples_leaf': 5, 'model__min_samples_split': 10, 'preprocessing__scaler': 'passthrough', 'preprocessing__vectorizer': CountVectorizer(min_df=7)}"
CountVectorizer(min_df=7),passthrough,entropy,20,5,5,,balanced,0.2443,0.0063,69,0.7171,0.0076,0.7149,0.7223,0.7279,0.7054,0.7152,4.0456,0.0885,"{'model__class_weight': 'balanced', 'model__criterion': 'entropy', 'model__max_depth': 20, 'model__max_features': None, 'model__min_samples_leaf': 5, 'model__min_samples_split': 5, 'preprocessing__scaler': 'passthrough', 'preprocessing__vectorizer': CountVectorizer(min_df=7)}"
TfidfVectorizer(min_df=7),passthrough,entropy,20,10,5,,balanced,0.1076,0.0114,71,0.7144,0.0071,0.7024,0.7142,0.7173,0.7138,0.7243,3.7423,0.455,"{'model__class_weight': 'balanced', 'model__criterion': 'entropy', 'model__max_depth': 20, 'model__max_features': None, 'model__min_samples_leaf': 5, 'model__min_samples_split': 10, 'preprocessing__scaler': 'passthrough', 'preprocessing__vectorizer': TfidfVectorizer(min_df=7)}"
TfidfVectorizer(min_df=7),passthrough,entropy,20,5,5,,balanced,0.2312,0.0363,71,0.7144,0.0071,0.7024,0.7142,0.7173,0.7138,0.7243,4.9501,0.1112,"{'model__class_weight': 'balanced', 'model__criterion': 'entropy', 'model__max_depth': 20, 'model__max_features': None, 'model__min_samples_leaf': 5, 'model__min_samples_split': 5, 'preprocessing__scaler': 'passthrough', 'preprocessing__vectorizer': TfidfVectorizer(min_df=7)}"
TfidfVectorizer(min_df=7),passthrough,entropy,15,5,2,,balanced,0.2627,0.0036,73,0.7123,0.0094,0.6984,0.7277,0.7125,0.7091,0.7141,4.4428,0.0815,"{'model__class_weight': 'balanced', 'model__criterion': 'entropy', 'model__max_depth': 15, 'model__max_features': None, 'model__min_samples_leaf': 2, 'model__min_samples_split': 5, 'preprocessing__scaler': 'passthrough', 'preprocessing__vectorizer': TfidfVectorizer(min_df=7)}"
CountVectorizer(min_df=7),passthrough,entropy,15,10,2,,balanced,0.2571,0.0143,74,0.7114,0.0058,0.7093,0.7054,0.7224,0.7111,0.7088,3.31,0.0357,"{'model__class_weight': 'balanced', 'model__criterion': 'entropy', 'model__max_depth': 15, 'model__max_features': None, 'model__min_samples_leaf': 2, 'model__min_samples_split': 10, 'preprocessing__scaler': 'passthrough', 'preprocessing__vectorizer': CountVectorizer(min_df=7)}"
TfidfVectorizer(min_df=7),passthrough,entropy,15,10,2,,balanced,0.2653,0.0161,75,0.711,0.0085,0.6997,0.7251,0.7117,0.7054,0.7131,4.4319,0.076,"{'model__class_weight': 'balanced', 'model__criterion': 'entropy', 'model__max_depth': 15, 'model__max_features': None, 'model__min_samples_leaf': 2, 'model__min_samples_split': 10, 'preprocessing__scaler': 'passthrough', 'preprocessing__vectorizer': TfidfVectorizer(min_df=7)}"
CountVectorizer(min_df=7),passthrough,entropy,15,5,2,,balanced,0.2638,0.0166,76,0.7098,0.0044,0.7075,0.707,0.7186,0.7084,0.7076,3.3136,0.0439,"{'model__class_weight': 'balanced', 'model__criterion': 'entropy', 'model__max_depth': 15, 'model__max_features': None, 'model__min_samples_leaf': 2, 'model__min_samples_split': 5, 'preprocessing__scaler': 'passthrough', 'preprocessing__vectorizer': CountVectorizer(min_df=7)}"
CountVectorizer(min_df=7),passthrough,entropy,15,10,5,,balanced,0.2539,0.0315,77,0.7087,0.0068,0.7039,0.7096,0.7216,0.7035,0.7051,3.2786,0.0574,"{'model__class_weight': 'balanced', 'model__criterion': 'entropy', 'model__max_depth': 15, 'model__max_features': None, 'model__min_samples_leaf': 5, 'model__min_samples_split': 10, 'preprocessing__scaler': 'passthrough', 'preprocessing__vectorizer': CountVectorizer(min_df=7)}"
CountVectorizer(min_df=7),passthrough,entropy,15,5,5,,balanced,0.2525,0.0049,77,0.7087,0.0068,0.7039,0.7096,0.7216,0.7035,0.7051,3.3025,0.0463,"{'model__class_weight': 'balanced', 'model__criterion': 'entropy', 'model__max_depth': 15, 'model__max_features': None, 'model__min_samples_leaf': 5, 'model__min_samples_split': 5, 'preprocessing__scaler': 'passthrough', 'preprocessing__vectorizer': CountVectorizer(min_df=7)}"
TfidfVectorizer(min_df=7),passthrough,entropy,15,10,5,,balanced,0.2655,0.0035,79,0.7085,0.009,0.6962,0.724,0.7073,0.7051,0.7098,4.2381,0.0602,"{'model__class_weight': 'balanced', 'model__criterion': 'entropy', 'model__max_depth': 15, 'model__max_features': None, 'model__min_samples_leaf': 5, 'model__min_samples_split': 10, 'preprocessing__scaler': 'passthrough', 'preprocessing__vectorizer': TfidfVectorizer(min_df=7)}"
TfidfVectorizer(min_df=7),passthrough,entropy,15,5,5,,balanced,0.2655,0.0195,79,0.7085,0.009,0.6962,0.724,0.7073,0.7051,0.7098,4.2367,0.0444,"{'model__class_weight': 'balanced', 'model__criterion': 'entropy', 'model__max_depth': 15, 'model__max_features': None, 'model__min_samples_leaf': 5, 'model__min_samples_split': 5, 'preprocessing__scaler': 'passthrough', 'preprocessing__vectorizer': TfidfVectorizer(min_df=7)}"
TfidfVectorizer(min_df=7),passthrough,entropy,7,10,2,,balanced,0.2507,0.0414,81,0.6929,0.0194,0.7162,0.6665,0.6995,0.674,0.7081,2.4693,0.0297,"{'model__class_weight': 'balanced', 'model__criterion': 'entropy', 'model__max_depth': 7, 'model__max_features': None, 'model__min_samples_leaf': 2, 'model__min_samples_split': 10, 'preprocessing__scaler': 'passthrough', 'preprocessing__vectorizer': TfidfVectorizer(min_df=7)}"
TfidfVectorizer(min_df=7),passthrough,entropy,7,5,2,,balanced,0.2631,0.0127,82,0.6928,0.0196,0.716,0.6655,0.6995,0.6741,0.7086,2.4863,0.0224,"{'model__class_weight': 'balanced', 'model__criterion': 'entropy', 'model__max_depth': 7, 'model__max_features': None, 'model__min_samples_leaf': 2, 'model__min_samples_split': 5, 'preprocessing__scaler': 'passthrough', 'preprocessing__vectorizer': TfidfVectorizer(min_df=7)}"
TfidfVectorizer(min_df=7),passthrough,entropy,7,5,5,,balanced,0.2508,0.0058,83,0.6923,0.0192,0.7151,0.6659,0.6989,0.6737,0.7079,2.3622,0.0421,"{'model__class_weight': 'balanced', 'model__criterion': 'entropy', 'model__max_depth': 7, 'model__max_features': None, 'model__min_samples_leaf': 5, 'model__min_samples_split': 5, 'preprocessing__scaler': 'passthrough', 'preprocessing__vectorizer': TfidfVectorizer(min_df=7)}"
TfidfVectorizer(min_df=7),passthrough,entropy,7,10,5,,balanced,0.2603,0.0055,83,0.6923,0.0192,0.7151,0.6659,0.6989,0.6737,0.7079,2.3797,0.0343,"{'model__class_weight': 'balanced', 'model__criterion': 'entropy', 'model__max_depth': 7, 'model__max_features': None, 'model__min_samples_leaf': 5, 'model__min_samples_split': 10, 'preprocessing__scaler': 'passthrough', 'preprocessing__vectorizer': TfidfVectorizer(min_df=7)}"
TfidfVectorizer(min_df=7),passthrough,gini,7,5,2,,balanced,0.2437,0.0146,85,0.692,0.0068,0.6838,0.6992,0.6869,0.7009,0.6894,2.3061,0.0163,"{'model__class_weight': 'balanced', 'model__criterion': 'gini', 'model__max_depth': 7, 'model__max_features': None, 'model__min_samples_leaf': 2, 'model__min_samples_split': 5, 'preprocessing__scaler': 'passthrough', 'preprocessing__vectorizer': TfidfVectorizer(min_df=7)}"
TfidfVectorizer(min_df=7),passthrough,gini,7,10,2,,balanced,0.2525,0.0261,86,0.692,0.0069,0.6832,0.6986,0.6868,0.7014,0.6898,2.2632,0.0299,"{'model__class_weight': 'balanced', 'model__criterion': 'gini', 'model__max_depth': 7, 'model__max_features': None, 'model__min_samples_leaf': 2, 'model__min_samples_split': 10, 'preprocessing__scaler': 'passthrough', 'preprocessing__vectorizer': TfidfVectorizer(min_df=7)}"
TfidfVectorizer(min_df=7),passthrough,gini,7,10,5,,balanced,0.2543,0.0219,87,0.6917,0.0073,0.6816,0.699,0.6863,0.7007,0.6909,2.2291,0.0077,"{'model__class_weight': 'balanced', 'model__criterion': 'gini', 'model__max_depth': 7, 'model__max_features': None, 'model__min_samples_leaf': 5, 'model__min_samples_split': 10, 'preprocessing__scaler': 'passthrough', 'preprocessing__vectorizer': TfidfVectorizer(min_df=7)}"
TfidfVectorizer(min_df=7),passthrough,gini,7,5,5,,balanced,0.2531,0.0121,87,0.6917,0.0073,0.6816,0.699,0.6863,0.7007,0.6909,2.1928,0.0212,"{'model__class_weight': 'balanced', 'model__criterion': 'gini', 'model__max_depth': 7, 'model__max_features': None, 'model__min_samples_leaf': 5, 'model__min_samples_split': 5, 'preprocessing__scaler': 'passthrough', 'preprocessing__vectorizer': TfidfVectorizer(min_df=7)}"
CountVectorizer(min_df=7),passthrough,gini,7,10,2,,balanced,0.2426,0.0079,89,0.69,0.0081,0.6809,0.6971,0.6817,0.7013,0.6892,1.6136,0.0243,"{'model__class_weight': 'balanced', 'model__criterion': 'gini', 'model__max_depth': 7, 'model__max_features': None, 'model__min_samples_leaf': 2, 'model__min_samples_split': 10, 'preprocessing__scaler': 'passthrough', 'preprocessing__vectorizer': CountVectorizer(min_df=7)}"
CountVectorizer(min_df=7),passthrough,gini,7,5,2,,balanced,0.2555,0.0164,90,0.6898,0.0079,0.681,0.6971,0.6815,0.7003,0.6892,1.6669,0.066,"{'model__class_weight': 'balanced', 'model__criterion': 'gini', 'model__max_depth': 7, 'model__max_features': None, 'model__min_samples_leaf': 2, 'model__min_samples_split': 5, 'preprocessing__scaler': 'passthrough', 'preprocessing__vectorizer': CountVectorizer(min_df=7)}"
CountVectorizer(min_df=7),passthrough,gini,7,10,5,,balanced,0.2432,0.0092,91,0.6895,0.0087,0.6805,0.6973,0.6791,0.701,0.6895,1.6215,0.0274,"{'model__class_weight': 'balanced', 'model__criterion': 'gini', 'model__max_depth': 7, 'model__max_features': None, 'model__min_samples_leaf': 5, 'model__min_samples_split': 10, 'preprocessing__scaler': 'passthrough', 'preprocessing__vectorizer': CountVectorizer(min_df=7)}"
CountVectorizer(min_df=7),passthrough,gini,7,5,5,,balanced,0.2452,0.0174,91,0.6895,0.0087,0.6805,0.6973,0.6791,0.701,0.6895,1.6533,0.0158,"{'model__class_weight': 'balanced', 'model__criterion': 'gini', 'model__max_depth': 7, 'model__max_features': None, 'model__min_samples_leaf': 5, 'model__min_samples_split': 5, 'preprocessing__scaler': 'passthrough', 'preprocessing__vectorizer': CountVectorizer(min_df=7)}"
CountVectorizer(min_df=7),passthrough,entropy,7,5,2,,balanced,0.2428,0.0093,93,0.6875,0.0183,0.7169,0.6697,0.6995,0.6694,0.6818,1.7657,0.0218,"{'model__class_weight': 'balanced', 'model__criterion': 'entropy', 'model__max_depth': 7, 'model__max_features': None, 'model__min_samples_leaf': 2, 'model__min_samples_split': 5, 'preprocessing__scaler': 'passthrough', 'preprocessing__vectorizer': CountVectorizer(min_df=7)}"
CountVectorizer(min_df=7),passthrough,entropy,7,10,2,,balanced,0.2449,0.0106,94,0.6874,0.0183,0.7168,0.6697,0.6996,0.6696,0.6814,1.7183,0.0128,"{'model__class_weight': 'balanced', 'model__criterion': 'entropy', 'model__max_depth': 7, 'model__max_features': None, 'model__min_samples_leaf': 2, 'model__min_samples_split': 10, 'preprocessing__scaler': 'passthrough', 'preprocessing__vectorizer': CountVectorizer(min_df=7)}"
CountVectorizer(min_df=7),passthrough,entropy,7,10,5,,balanced,0.2548,0.0094,95,0.6869,0.0175,0.7152,0.6694,0.6976,0.6696,0.6826,1.6137,0.0466,"{'model__class_weight': 'balanced', 'model__criterion': 'entropy', 'model__max_depth': 7, 'model__max_features': None, 'model__min_samples_leaf': 5, 'model__min_samples_split': 10, 'preprocessing__scaler': 'passthrough', 'preprocessing__vectorizer': CountVectorizer(min_df=7)}"
CountVectorizer(min_df=7),passthrough,entropy,7,5,5,,balanced,0.2661,0.0337,95,0.6869,0.0175,0.7152,0.6694,0.6976,0.6696,0.6826,1.699,0.0317,"{'model__class_weight': 'balanced', 'model__criterion': 'entropy', 'model__max_depth': 7, 'model__max_features': None, 'model__min_samples_leaf': 5, 'model__min_samples_split': 5, 'preprocessing__scaler': 'passthrough', 'preprocessing__vectorizer': CountVectorizer(min_df=7)}"
